"지역별(1)","지역별(2)","지역별(3)",상품군별(1),상품군별(2),판매유형별(1),2022.1/4,2022.2/4,2022.3/4,2022.4/4,2023.1/4,2023.2/4,2023.3/4,2023.4/4,2024.1/4,2024.2/4,2024.3/4,2024.4/4,2025.1/4,2025.2/4,2025.3/4,2025.4/4,2026.1/4 p)
"합계","소계","소계",합계,소계,계,575319,505011,421606,353963,426061,652181,662173,658493,611311,706222,674866,748830,851935,867560,777964,938868,1059888
"합계","소계","소계",합계,소계,면세점,363520,300602,211727,152997,111187,281235,271525,280391,239885,257535,225055,226952,304727,312459,195063,255261,327293
"합계","소계","소계",합계,소계,면세점 이외,211799,204409,209879,200966,314874,370946,390648,378102,371426,448687,449811,521878,547208,555101,582901,683607,732595
"합계","소계","소계",컴퓨터 및 주변기기,소계,계,2943,3288,2944,3195,11081,10686,17578,26167,15482,22713,23088,31186,20280,24615,25252,41156,22074
"합계","소계","소계",컴퓨터 및 주변기기,소계,면세점,0,0,0,0,0,0,0,0,0,0,0,0,0,0,0,0,0
"합계","소계","소계",컴퓨터 및 주변기기,소계,면세점 이외,2943,3288,2944,3195,11081,10686,17578,26167,15482,22713,23088,31186,20280,24615,25252,41156,22074
"합계","소계","소계",가전·전자·통신기기,소계,계,48922,5594,6059,5258,5899,9726,6780,7899,6401,7704,3185,4506,6354,5041,7256,7753,6570
"합계","소계","소계",가전·전자·통신기기,소계,면세점,45424,2195,1316,781,334,1949,1569,2032,2673,2292,1927,2289,2915,2338,2172,1988,2557
"합계","소계","소계",가전·전자·통신기기,소계,면세점 이외,3498,3399,4743,4477,5565,7777,5211,5867,3732,5418,1258,2218,3444,2704,5083,5765,4013
"합계","소계","소계",가전·전자·통신기기,가전·전자,계,,,,,4680,6159,6139,7427,5585,7361,3031,4401,5958,4662,6965,7344,6377
"합계","소계","소계",가전·전자·통신기기,가전·전자,면세점,,,,,326,1804,1298,1842,2495,2182,1886,2265,2787,2239,2158,1983,2540
"합계","소계","소계",가전·전자·통신기기,가전·전자,면세점 이외,,,,,4354,4355,4841,5585,3090,5179,1145,2136,3171,2423,4807,5361,3837
"합계","소계","소계",가전·전자·통신기기,통신기기,계,,,,,1219,3567,641,472,817,348,154,105,399,380,291,409,193
"합계","소계","소계",가전·전자·통신기기,통신기기,면세점,,,,,8,145,271,190,178,110,41,24,128,99,14,5,17
"합계","소계","소계",가전·전자·통신기기,통신기기,면세점 이외,,,,,1211,3422,370,282,639,238,113,81,271,281,277,404,176
"합계","소계","소계",소프트웨어,소계,계,88,50,2755,268,430,48,55,238,73,30,46,271,80,38,93,341,754
"합계","소계","소계",소프트웨어,소계,면세점,0,0,0,0,0,0,0,0,0,0,0,0,0,0,0,0,0
"합계","소계","소계",소프트웨어,소계,면세점 이외,88,50,2755,268,430,48,55,238,73,30,46,271,80,38,93,341,754
"합계","소계","소계",서 적,소계,계,6063,7311,6626,3082,5831,3813,4034,6015,3407,2680,2556,3513,6160,3001,3901,6408,3540
"합계","소계","소계",서 적,소계,면세점,0,0,0,0,0,0,0,0,0,0,0,0,0,0,0,0,0
"합계","소계","소계",서 적,소계,면세점 이외,6063,7311,6626,3082,5831,3813,4034,6015,3407,2680,2556,3513,6160,3001,3901,6408,3540
"합계","소계","소계",사무·문구,소계,계,2056,3472,1484,3022,6947,5527,7031,7760,5786,7075,6346,7922,8949,7558,8628,10554,11098
"합계","소계","소계",사무·문구,소계,면세점,1,0,2,63,45,31,58,72,141,77,122,246,416,561,407,358,231
"합계","소계","소계",사무·문구,소계,면세점 이외,2055,3472,1482,2959,6902,5496,6973,7688,5645,6998,6224,7676,8533,6997,8221,10196,10867
"합계","소계","소계",음반·비디오·악기,소계,계,33575,50316,44571,39711,67617,114397,85380,92812,55016,84151,62639,80463,73987,91320,73530,72634,108311
"합계","소계","소계",음반·비디오·악기,소계,면세점,0,0,0,0,0,0,0,0,0,0,0,0,0,0,0,0,0
"합계","소계","소계",음반·비디오·악기,소계,면세점 이외,33575,50316,44571,39711,67617,114397,85380,92812,55016,84151,62639,80463,73987,91320,73530,72634,108311
"합계","소계","소계",의류 및 패션 관련 상품,소계,계,73950,64783,60268,76530,69767,79770,75044,93193,93876,95906,85680,93506,82591,86589,89651,105898,93814
"합계","소계","소계",의류 및 패션 관련 상품,소계,면세점,2497,2876,2279,3757,3268,13393,15526,17498,21762,20416,22787,23723,25442,29685,26294,31780,30103
"합계","소계","소계",의류 및 패션 관련 상품,소계,면세점 이외,71453,61907,57989,72773,66499,66377,59518,75695,72114,75490,62893,69783,57149,56904,63357,74118,63711
"합계","소계","소계",스포츠·레저용품,소계,계,2939,2008,2728,3968,3441,2710,3428,3340,2778,3962,1303,2645,2702,1866,3169,2419,3228
"합계","소계","소계",스포츠·레저용품,소계,면세점,0,0,0,0,0,3,3,3,7,13,15,24,39,42,48,39,62
"합계","소계","소계",스포츠·레저용품,소계,면세점 이외,2939,2008,2728,3968,3441,2707,3425,3337,2771,3949,1288,2621,2663,1824,3121,2380,3166
"합계","소계","소계",화장품,소계,계,362555,332023,243485,184917,178903,346269,376679,344562,354334,392634,387473,411288,517137,511356,432588,547941,633604
"합계","소계","소계",화장품,소계,면세점,315133,294407,206560,146743,105717,263499,251704,255135,206966,226529,192262,189392,260881,264369,150973,204686,272183
"합계","소계","소계",화장품,소계,면세점 이외,47422,37616,36925,38174,73186,82770,124975,89427,147368,166105,195211,221896,256256,246987,281615,343255,361421
"합계","소계","소계",아동·유아용품,소계,계,3086,3698,2807,2591,3243,3323,3132,2687,2716,2792,3120,2885,2636,2902,3464,2991,2511
"합계","소계","소계",아동·유아용품,소계,면세점,0,1,0,2,7,12,34,29,41,33,32,29,27,75,34,33,28
"합계","소계","소계",아동·유아용품,소계,면세점 이외,3086,3697,2807,2589,3236,3311,3098,2658,2675,2759,3088,2856,2609,2827,3430,2958,2483
"합계","소계","소계",음·식료품,소계,계,6227,6991,6535,5619,9897,10468,11275,14820,18683,18274,18602,22803,29822,31297,33298,31363,39907
"합계","소계","소계",음·식료품,소계,면세점,464,1123,1570,1647,1810,2329,2543,5549,8233,8105,7818,11080,14925,15313,15029,16286,21998
"합계","소계","소계",음·식료품,소계,면세점 이외,5763,5868,4965,3972,8087,8139,8732,9271,10450,10169,10784,11723,14897,15984,18269,15077,17909
"합계","소계","소계",농축수산물,소계,계,28,23,12,9,20,15,12,11,8,8,5,9,6,6,4,5,5
"합계","소계","소계",농축수산물,소계,면세점,0,0,0,0,0,0,0,0,0,0,0,0,0,0,0,0,0
"합계","소계","소계",농축수산물,소계,면세점 이외,28,23,12,9,20,15,12,11,8,8,5,9,6,6,4,5,5
"합계","소계","소계",생활·자동차용품,소계,계,3693,3061,4840,5317,5562,5562,8099,6815,5835,7436,6880,8504,18333,10127,9532,10534,12067
"합계","소계","소계",생활·자동차용품,소계,면세점,1,0,0,4,6,18,69,23,34,42,41,69,34,43,73,37,40
"합계","소계","소계",생활·자동차용품,소계,면세점 이외,3692,3061,4840,5313,5556,5544,8030,6792,5801,7394,6839,8435,18299,10084,9459,10497,12027
"합계","소계","소계",기 타,소계,계,29194,22393,36493,20473,57423,59867,63646,52174,46915,60852,73943,79329,82895,91843,87598,98871,122405
"합계","소계","소계",기 타,소계,면세점,0,0,0,0,0,1,19,50,28,28,51,100,48,33,33,54,91
"합계","소계","소계",기 타,소계,면세점 이외,29194,22393,36493,20473,57423,59866,63627,52124,46887,60824,73892,79229,82847,91810,87565,98817,122314
"아시아","소계","소계",합계,소계,계,,,,,319683,526022,501943,498182,442934,510952,465248,501205,600445,617272,508534,598515,712174
"아시아","소계","소계",합계,소계,면세점,,,,,110844,280634,270235,278578,239129,255995,223522,224590,302542,309513,192042,250786,323978
"아시아","소계","소계",합계,소계,면세점 이외,,,,,208839,245388,231708,219604,203805,254957,241726,276615,297903,307759,316492,347729,388196
"아시아","소계","소계",컴퓨터 및 주변기기,소계,계,,,,,563,856,2864,2895,2348,3038,3458,2949,2714,4180,2496,3005,2882
"아시아","소계","소계",컴퓨터 및 주변기기,소계,면세점,,,,,0,0,0,0,0,0,0,0,0,0,0,0,0
"아시아","소계","소계",컴퓨터 및 주변기기,소계,면세점 이외,,,,,563,856,2864,2895,2348,3038,3458,2949,2714,4180,2496,3005,2882
"아시아","소계","소계",가전·전자·통신기기,소계,계,,,,,4301,7944,5500,6001,4888,5722,2251,2700,4794,3776,5752,5470,5246
"아시아","소계","소계",가전·전자·통신기기,소계,면세점,,,,,321,1933,1534,1978,2649,2221,1845,2196,2850,2253,2071,1854,2463
"아시아","소계","소계",가전·전자·통신기기,소계,면세점 이외,,,,,3980,6011,3966,4023,2241,3504,406,504,1947,1523,3681,3616,2783
"아시아","소계","소계",가전·전자·통신기기,가전·전자,계,,,,,3299,4632,5050,5729,4640,5556,2146,2650,4499,3504,5594,5133,5119
"아시아","소계","소계",가전·전자·통신기기,가전·전자,면세점,,,,,319,1788,1277,1788,2473,2117,1806,2174,2725,2158,2059,1849,2450
"아시아","소계","소계",가전·전자·통신기기,가전·전자,면세점 이외,,,,,2980,2844,3773,3941,2167,3439,340,476,1774,1346,3535,3284,2669
"아시아","소계","소계",가전·전자·통신기기,통신기기,계,,,,,1002,3312,450,272,248,168,105,50,298,272,158,337,127
"아시아","소계","소계",가전·전자·통신기기,통신기기,면세점,,,,,2,145,257,190,176,104,39,22,125,95,12,5,13
"아시아","소계","소계",가전·전자·통신기기,통신기기,면세점 이외,,,,,1000,3167,193,82,72,64,66,28,173,177,146,332,114
"아시아","소계","소계",소프트웨어,소계,계,,,,,172,0,0,0,4,0,0,0,5,6,30,76,612
"아시아","소계","소계",소프트웨어,소계,면세점,,,,,0,0,0,0,0,0,0,0,0,0,0,0,0
"아시아","소계","소계",소프트웨어,소계,면세점 이외,,,,,172,0,0,0,4,0,0,0,5,6,30,76,612
"아시아","소계","소계",서 적,소계,계,,,,,2069,1732,1730,3472,1699,1243,899,1456,4134,1778,2369,4420,1911
"아시아","소계","소계",서 적,소계,면세점,,,,,0,0,0,0,0,0,0,0,0,0,0,0,0
"아시아","소계","소계",서 적,소계,면세점 이외,,,,,2069,1732,1730,3472,1699,1243,899,1456,4134,1778,2369,4420,1911
"아시아","소계","소계",사무·문구,소계,계,,,,,2226,1756,2178,2461,2190,2723,2023,2386,2887,2894,3120,3191,4113
"아시아","소계","소계",사무·문구,소계,면세점,,,,,45,31,58,72,141,76,122,246,416,559,406,354,230
"아시아","소계","소계",사무·문구,소계,면세점 이외,,,,,2181,1725,2120,2389,2049,2647,1901,2140,2471,2335,2714,2837,3883
"아시아","소계","소계",음반·비디오·악기,소계,계,,,,,45376,86005,55047,62590,38934,60479,44806,59805,53551,67632,51633,48846,71431
"아시아","소계","소계",음반·비디오·악기,소계,면세점,,,,,0,0,0,0,0,0,0,0,0,0,0,0,0
"아시아","소계","소계",음반·비디오·악기,소계,면세점 이외,,,,,45376,86005,55047,62590,38934,60479,44806,59805,53551,67632,51633,48846,71431
"아시아","소계","소계",의류 및 패션 관련 상품,소계,계,,,,,44716,54184,49159,57817,62071,59025,51663,58622,59883,60935,65212,77893,71515
"아시아","소계","소계",의류 및 패션 관련 상품,소계,면세점,,,,,3213,13305,15379,17322,21655,20235,22603,23462,25225,29339,25926,31316,29792
"아시아","소계","소계",의류 및 패션 관련 상품,소계,면세점 이외,,,,,41503,40879,33780,40495,40416,38790,29060,35160,34658,31596,39286,46577,41723
"아시아","소계","소계",스포츠·레저용품,소계,계,,,,,2074,1574,2435,2331,1742,2595,449,871,1591,695,1631,1097,1588
"아시아","소계","소계",스포츠·레저용품,소계,면세점,,,,,0,3,3,3,7,13,14,22,37,38,44,36,56
"아시아","소계","소계",스포츠·레저용품,소계,면세점 이외,,,,,2074,1571,2432,2328,1735,2582,435,849,1554,657,1587,1061,1532
"아시아","소계","소계",화장품,소계,계,,,,,159961,315750,320209,312303,276949,311553,287765,291525,380800,374685,282167,352174,437004
"아시아","소계","소계",화장품,소계,면세점,,,,,105529,263114,250733,253715,206499,225457,191218,187775,259240,262338,148843,201460,269757
"아시아","소계","소계",화장품,소계,면세점 이외,,,,,54432,52636,69476,58588,70450,86096,96547,103750,121560,112347,133324,150714,167247
"아시아","소계","소계",아동·유아용품,소계,계,,,,,2259,2671,2331,1995,1967,2125,2573,2131,1913,2072,2194,1780,1463
"아시아","소계","소계",아동·유아용품,소계,면세점,,,,,7,12,34,29,41,33,32,29,27,75,33,33,27
"아시아","소계","소계",아동·유아용품,소계,면세점 이외,,,,,2252,2659,2297,1966,1926,2092,2541,2102,1886,1997,2161,1747,1436
"아시아","소계","소계",음·식료품,소계,계,,,,,6566,6174,7161,10089,14071,14017,14075,16590,22604,24256,25177,24352,33003
"아시아","소계","소계",음·식료품,소계,면세점,,,,,1723,2217,2406,5386,8075,7891,7607,10694,14669,14842,14620,15648,21525
"아시아","소계","소계",음·식료품,소계,면세점 이외,,,,,4843,3957,4755,4703,5996,6126,6468,5896,7935,9414,10557,8704,11478
"아시아","소계","소계",농축수산물,소계,계,,,,,1,3,2,1,0,0,0,0,0,0,0,0,0
"아시아","소계","소계",농축수산물,소계,면세점,,,,,0,0,0,0,0,0,0,0,0,0,0,0,0
"아시아","소계","소계",농축수산물,소계,면세점 이외,,,,,1,3,2,1,0,0,0,0,0,0,0,0,0
"아시아","소계","소계",생활·자동차용품,소계,계,,,,,3810,2827,4199,3876,3319,3753,2479,3018,7881,6707,5950,6957,8839
"아시아","소계","소계",생활·자동차용품,소계,면세점,,,,,6,18,69,23,34,41,30,66,30,36,66,31,37
"아시아","소계","소계",생활·자동차용품,소계,면세점 이외,,,,,3804,2809,4130,3853,3285,3712,2449,2952,7851,6671,5884,6926,8802
"아시아","소계","소계",기 타,소계,계,,,,,45589,44546,49128,32351,32752,44677,52807,59152,57685,67656,60803,69254,72567
"아시아","소계","소계",기 타,소계,면세점,,,,,0,1,19,50,28,28,51,100,48,33,33,54,91
"아시아","소계","소계",기 타,소계,면세점 이외,,,,,45589,44545,49109,32301,32724,44649,52756,59052,57637,67623,60770,69200,72476
"아시아","중국","소계",합계,소계,계,400478,342295,263611,187364,152710,343776,317108,315033,268674,308935,275572,287303,373531,357846,266139,306535,376279
"아시아","중국","소계",합계,소계,면세점,358933,292208,205656,146306,104133,272120,263404,261466,225130,242959,211410,208655,288748,294946,173997,229602,302400
"아시아","중국","소계",합계,소계,면세점 이외,41545,50087,57955,41058,48577,71656,53704,53567,43544,65976,64162,78648,84783,62900,92142,76933,73879
"아시아","중국","소계",컴퓨터 및 주변기기,소계,계,22,27,28,106,139,298,1507,1969,1740,2341,2665,2026,1682,3487,1838,1954,1794
"아시아","중국","소계",컴퓨터 및 주변기기,소계,면세점,0,0,0,0,0,0,0,0,0,0,0,0,0,0,0,0,0
"아시아","중국","소계",컴퓨터 및 주변기기,소계,면세점 이외,22,27,28,106,139,298,1507,1969,1740,2341,2665,2026,1682,3487,1838,1954,1794
"아시아","중국","소계",가전·전자·통신기기,소계,계,45482,2265,1322,796,825,2023,1748,2611,2847,2321,1883,2147,2821,2194,2084,1955,2411
"아시아","중국","소계",가전·전자·통신기기,소계,면세점,45306,2168,1286,739,201,1256,1292,1869,2595,2145,1764,2084,2772,2129,1964,1748,2317
"아시아","중국","소계",가전·전자·통신기기,소계,면세점 이외,176,97,36,57,624,767,456,742,252,176,119,63,49,65,120,207,94
"아시아","중국","소계",가전·전자·통신기기,가전·전자,계,,,,,821,1869,1390,2418,2664,2216,1844,2122,2702,2101,2057,1823,2393
"아시아","중국","소계",가전·전자·통신기기,가전·전자,면세점,,,,,200,1112,1035,1679,2421,2043,1727,2062,2654,2039,1954,1743,2304
"아시아","중국","소계",가전·전자·통신기기,가전·전자,면세점 이외,,,,,621,757,355,739,243,173,117,60,48,62,103,80,89
"아시아","중국","소계",가전·전자·통신기기,통신기기,계,,,,,4,154,358,193,183,105,39,25,119,93,27,132,18
"아시아","중국","소계",가전·전자·통신기기,통신기기,면세점,,,,,1,144,257,190,174,102,37,22,118,90,10,5,13
"아시아","중국","소계",가전·전자·통신기기,통신기기,면세점 이외,,,,,3,10,101,3,9,3,2,3,1,3,17,127,5
"아시아","중국","소계",소프트웨어,소계,계,0,0,0,0,111,0,0,0,0,0,0,0,2,3,10,27,532
"아시아","중국","소계",소프트웨어,소계,면세점,0,0,0,0,0,0,0,0,0,0,0,0,0,0,0,0,0
"아시아","중국","소계",소프트웨어,소계,면세점 이외,0,0,0,0,111,0,0,0,0,0,0,0,2,3,10,27,532
"아시아","중국","소계",서 적,소계,계,2358,3705,3780,820,912,986,907,2417,747,699,411,561,1177,403,452,1818,521
"아시아","중국","소계",서 적,소계,면세점,0,0,0,0,0,0,0,0,0,0,0,0,0,0,0,0,0
"아시아","중국","소계",서 적,소계,면세점 이외,2358,3705,3780,820,912,986,907,2417,747,699,411,561,1177,403,452,1818,521
"아시아","중국","소계",사무·문구,소계,계,72,224,27,131,81,63,83,153,251,563,383,422,794,1019,636,602,467
"아시아","중국","소계",사무·문구,소계,면세점,1,0,0,61,45,31,58,72,141,76,122,246,416,559,406,354,230
"아시아","중국","소계",사무·문구,소계,면세점 이외,71,224,27,70,36,32,25,81,110,487,261,176,378,460,230,248,237
"아시아","중국","소계",음반·비디오·악기,소계,계,16443,27657,27811,22001,24585,46569,25721,25498,16219,24135,18751,22508,25056,22607,17357,16014,19022
"아시아","중국","소계",음반·비디오·악기,소계,면세점,0,0,0,0,0,0,0,0,0,0,0,0,0,0,0,0,0
"아시아","중국","소계",음반·비디오·악기,소계,면세점 이외,16443,27657,27811,22001,24585,46569,25721,25498,16219,24135,18751,22508,25056,22607,17357,16014,19022
"아시아","중국","소계",의류 및 패션 관련 상품,소계,계,14757,10927,9299,13986,11713,21316,22026,24839,27796,26597,27901,31754,35559,35385,39360,38829,38554
"아시아","중국","소계",의류 및 패션 관련 상품,소계,면세점,2211,2314,1819,3439,2936,12894,14947,16529,20862,19208,21783,22277,24069,27560,23667,29348,28188
"아시아","중국","소계",의류 및 패션 관련 상품,소계,면세점 이외,12546,8613,7480,10547,8777,8422,7079,8310,6934,7389,6118,9477,11490,7825,15693,9481,10366
"아시아","중국","소계",스포츠·레저용품,소계,계,202,378,307,211,197,224,265,250,307,429,204,500,343,315,868,622,963
"아시아","중국","소계",스포츠·레저용품,소계,면세점,0,0,0,0,0,3,3,3,7,13,14,22,37,38,44,36,56
"아시아","중국","소계",스포츠·레저용품,소계,면세점 이외,202,378,307,211,197,221,262,247,300,416,190,478,306,277,824,586,907
"아시아","중국","소계",화장품,소계,계,314712,290589,203843,143595,103043,261198,253327,244156,202293,235266,202652,203896,275355,264822,170684,210860,274407
"아시아","중국","소계",화장품,소계,면세점,311003,286697,201128,140626,99288,255812,244704,237892,193693,214003,180565,173748,247208,250558,134099,183407,250995
"아시아","중국","소계",화장품,소계,면세점 이외,3709,3892,2715,2969,3755,5386,8623,6264,8600,21263,22087,30148,28147,14264,36585,27453,23412
"아시아","중국","소계",아동·유아용품,소계,계,661,1581,1331,748,751,1308,816,992,1037,1134,1237,1065,806,704,607,244,278
"아시아","중국","소계",아동·유아용품,소계,면세점,0,0,0,2,7,12,34,29,41,33,32,29,27,75,33,33,27
"아시아","중국","소계",아동·유아용품,소계,면세점 이외,661,1581,1331,746,744,1296,782,963,996,1101,1205,1036,779,629,574,211,251
"아시아","중국","소계",음·식료품,소계,계,993,1565,1998,1592,2158,2522,2499,5193,8032,7989,7674,10678,14444,14658,14935,15493,22062
"아시아","중국","소계",음·식료품,소계,면세점,411,1029,1423,1435,1650,2093,2278,4999,7729,7413,7068,10125,14148,13962,13688,14598,20460
"아시아","중국","소계",음·식료품,소계,면세점 이외,582,536,575,157,508,429,221,194,303,576,606,553,296,696,1247,895,1602
"아시아","중국","소계",농축수산물,소계,계,8,8,2,0,1,2,2,1,0,0,0,0,0,0,0,0,0
"아시아","중국","소계",농축수산물,소계,면세점,0,0,0,0,0,0,0,0,0,0,0,0,0,0,0,0,0
"아시아","중국","소계",농축수산물,소계,면세점 이외,8,8,2,0,1,2,2,1,0,0,0,0,0,0,0,0,0
"아시아","중국","소계",생활·자동차용품,소계,계,383,671,459,708,567,261,452,896,903,617,658,498,1497,848,730,657,627
"아시아","중국","소계",생활·자동차용품,소계,면세점,1,0,0,4,6,18,69,23,34,41,30,66,30,36,66,31,37
"아시아","중국","소계",생활·자동차용품,소계,면세점 이외,382,671,459,704,561,243,383,873,869,576,628,432,1467,812,664,626,590
"아시아","중국","소계",기 타,소계,계,4382,2698,13402,2671,7627,7006,7755,6058,6502,6844,11153,11248,13995,11401,16578,17460,14641
"아시아","중국","소계",기 타,소계,면세점,0,0,0,0,0,1,19,50,28,27,32,58,41,29,30,47,90
"아시아","중국","소계",기 타,소계,면세점 이외,4382,2698,13402,2671,7627,7005,7736,6008,6474,6817,11121,11190,13954,11372,16548,17413,14551
"아시아","일본","소계",합계,소계,계,78278,70832,70780,71506,131400,146388,143550,132792,130101,153530,154068,171041,186711,212250,186834,220090,255223
"아시아","일본","소계",합계,소계,면세점,356,2719,226,250,311,873,977,2641,2402,3029,2696,2885,3249,4358,4381,5131,4095
"아시아","일본","소계",합계,소계,면세점 이외,77922,68113,70554,71256,131089,145515,142573,130151,127699,150501,151372,168156,183462,207892,182453,214959,251128
"아시아","일본","소계",컴퓨터 및 주변기기,소계,계,9,21,20,35,143,260,849,290,170,210,317,322,436,256,243,511,499
"아시아","일본","소계",컴퓨터 및 주변기기,소계,면세점,0,0,0,0,0,0,0,0,0,0,0,0,0,0,0,0,0
"아시아","일본","소계",컴퓨터 및 주변기기,소계,면세점 이외,9,21,20,35,143,260,849,290,170,210,317,322,436,256,243,511,499
"아시아","일본","소계",가전·전자·통신기기,소계,계,850,661,1427,587,1063,3532,319,205,144,184,294,431,1868,1441,3365,2838,2308
"아시아","일본","소계",가전·전자·통신기기,소계,면세점,90,1,0,1,0,162,95,37,16,30,37,28,31,37,45,28,29
"아시아","일본","소계",가전·전자·통신기기,소계,면세점 이외,760,660,1427,586,1063,3370,224,168,128,154,257,403,1838,1404,3320,2810,2279
"아시아","일본","소계",가전·전자·통신기기,가전·전자,계,,,,,92,399,231,130,89,129,235,412,1709,1274,3239,2706,2203
"아시아","일본","소계",가전·전자·통신기기,가전·전자,면세점,,,,,0,161,95,37,16,30,37,28,30,35,43,28,29
"아시아","일본","소계",가전·전자·통신기기,가전·전자,면세점 이외,,,,,92,238,136,93,73,99,198,384,1679,1239,3196,2678,2174
"아시아","일본","소계",가전·전자·통신기기,통신기기,계,,,,,971,3133,88,75,55,55,59,19,160,167,126,132,105
"아시아","일본","소계",가전·전자·통신기기,통신기기,면세점,,,,,0,1,0,0,0,0,0,0,1,2,2,0,0
"아시아","일본","소계",가전·전자·통신기기,통신기기,면세점 이외,,,,,971,3132,88,75,55,55,59,19,159,165,124,132,105
"아시아","일본","소계",소프트웨어,소계,계,0,0,2668,0,36,0,0,0,0,0,0,0,3,2,11,3,21
"아시아","일본","소계",소프트웨어,소계,면세점,0,0,0,0,0,0,0,0,0,0,0,0,0,0,0,0,0
"아시아","일본","소계",소프트웨어,소계,면세점 이외,0,0,2668,0,36,0,0,0,0,0,0,0,3,2,11,3,21
"아시아","일본","소계",서 적,소계,계,550,355,337,335,803,469,453,764,803,428,356,669,2569,1258,1747,2249,1122
"아시아","일본","소계",서 적,소계,면세점,0,0,0,0,0,0,0,0,0,0,0,0,0,0,0,0,0
"아시아","일본","소계",서 적,소계,면세점 이외,550,355,337,335,803,469,453,764,803,428,356,669,2569,1258,1747,2249,1122
"아시아","일본","소계",사무·문구,소계,계,738,1553,458,1012,704,561,699,824,729,667,819,964,948,805,811,811,990
"아시아","일본","소계",사무·문구,소계,면세점,0,0,0,0,0,0,0,0,0,0,0,0,0,0,0,0,0
"아시아","일본","소계",사무·문구,소계,면세점 이외,738,1553,458,1012,704,561,699,824,729,667,819,964,948,805,811,811,990
"아시아","일본","소계",음반·비디오·악기,소계,계,3330,3959,3639,5546,13256,32943,23707,29470,19759,29427,21573,32518,25183,38005,29137,27525,42191
"아시아","일본","소계",음반·비디오·악기,소계,면세점,0,0,0,0,0,0,0,0,0,0,0,0,0,0,0,0,0
"아시아","일본","소계",음반·비디오·악기,소계,면세점 이외,3330,3959,3639,5546,13256,32943,23707,29470,19759,29427,21573,32518,25183,38005,29137,27525,42191
"아시아","일본","소계",의류 및 패션 관련 상품,소계,계,26369,22058,18128,24429,26385,25361,20078,25377,20379,20709,18327,22018,21364,22064,21743,34356,29356
"아시아","일본","소계",의류 및 패션 관련 상품,소계,면세점,2,20,79,76,27,126,111,260,340,430,305,386,411,775,746,762,537
"아시아","일본","소계",의류 및 패션 관련 상품,소계,면세점 이외,26367,22038,18049,24353,26358,25235,19967,25117,20039,20279,18022,21632,20953,21289,20997,33594,28819
"아시아","일본","소계",스포츠·레저용품,소계,계,429,175,458,738,314,273,257,283,249,269,220,304,1204,343,663,377,396
"아시아","일본","소계",스포츠·레저용품,소계,면세점,0,0,0,0,0,0,0,0,0,0,0,0,0,0,0,0,0
"아시아","일본","소계",스포츠·레저용품,소계,면세점 이외,429,175,458,738,314,273,257,283,249,269,220,304,1204,343,663,377,396
"아시아","일본","소계",화장품,소계,계,31479,26983,25166,24019,47204,43757,54286,48481,57661,60388,67552,65244,83350,85158,78444,94315,115503
"아시아","일본","소계",화장품,소계,면세점,264,2696,140,163,273,544,711,2058,1836,2347,2170,2281,2638,3255,3335,4060,3299
"아시아","일본","소계",화장품,소계,면세점 이외,31215,24287,25026,23856,46931,43213,53575,46423,55825,58041,65382,62963,80712,81903,75109,90255,112204
"아시아","일본","소계",아동·유아용품,소계,계,262,218,353,401,1367,1300,1428,926,878,910,1235,898,932,1183,1351,1286,942
"아시아","일본","소계",아동·유아용품,소계,면세점,0,0,0,0,0,0,0,0,0,0,0,0,0,0,0,0,0
"아시아","일본","소계",아동·유아용품,소계,면세점 이외,262,218,353,401,1367,1300,1428,926,878,910,1235,898,932,1183,1351,1286,942
"아시아","일본","소계",음·식료품,소계,계,3136,3995,3224,2796,3948,3018,3610,3783,4661,4293,4292,4042,6213,6114,6575,5642,6440
"아시아","일본","소계",음·식료품,소계,면세점,0,2,7,10,11,41,60,286,210,222,184,190,169,291,255,281,230
"아시아","일본","소계",음·식료품,소계,면세점 이외,3136,3993,3217,2786,3937,2977,3550,3497,4451,4071,4108,3852,6044,5823,6320,5361,6210
"아시아","일본","소계",농축수산물,소계,계,0,0,0,0,0,1,0,0,0,0,0,0,0,0,0,0,0
"아시아","일본","소계",농축수산물,소계,면세점,0,0,0,0,0,0,0,0,0,0,0,0,0,0,0,0,0
"아시아","일본","소계",농축수산물,소계,면세점 이외,0,0,0,0,0,1,0,0,0,0,0,0,0,0,0,0,0
"아시아","일본","소계",생활·자동차용품,소계,계,1536,751,1351,1157,1909,1290,1150,1110,1398,1542,1584,2312,6170,5662,4996,5973,7839
"아시아","일본","소계",생활·자동차용품,소계,면세점,0,0,0,0,0,0,0,0,0,0,0,0,0,0,0,0,0
"아시아","일본","소계",생활·자동차용품,소계,면세점 이외,1536,751,1351,1157,1909,1290,1150,1110,1398,1542,1584,2312,6170,5662,4996,5973,7839
"아시아","일본","소계",기 타,소계,계,9585,10099,13549,10449,34268,33623,36714,21279,23270,34503,37499,41319,36470,49959,37748,44204,47616
"아시아","일본","소계",기 타,소계,면세점,0,0,0,0,0,0,0,0,0,0,0,0,0,0,0,0,0
"아시아","일본","소계",기 타,소계,면세점 이외,9585,10099,13549,10449,34268,33623,36714,21279,23270,34503,37499,41319,36470,49959,37748,44204,47616
"아시아","아세안","소계",합계,소계,계,20705,20897,24820,26319,33868,33838,36973,45265,41030,44402,31725,38077,35022,40379,44936,53900,65186
"아시아","아세안","소계",합계,소계,면세점,2949,2352,5497,5966,6400,7639,4163,12567,10388,8491,8486,11778,9639,9298,12777,14742,16772
"아시아","아세안","소계",합계,소계,면세점 이외,17756,18545,19323,20353,27468,26199,32810,32698,30642,35911,23239,26299,25383,31081,32159,39158,48414
"아시아","아세안","소계",컴퓨터 및 주변기기,소계,계,14,8,33,58,57,53,41,80,53,46,57,94,260,137,196,220,356
"아시아","아세안","소계",컴퓨터 및 주변기기,소계,면세점,0,0,0,0,0,0,0,0,0,0,0,0,0,0,0,0,0
"아시아","아세안","소계",컴퓨터 및 주변기기,소계,면세점 이외,14,8,33,58,57,53,41,80,53,46,57,94,260,137,196,220,356
"아시아","아세안","소계",가전·전자·통신기기,소계,계,1883,1809,2494,2893,2380,2347,3364,3142,1865,3184,36,75,47,92,240,608,479
"아시아","아세안","소계",가전·전자·통신기기,소계,면세점,28,23,28,33,120,515,95,49,24,30,26,61,33,70,43,44,97
"아시아","아세안","소계",가전·전자·통신기기,소계,면세점 이외,1855,1786,2466,2860,2260,1832,3269,3093,1841,3156,10,14,16,22,197,564,382
"아시아","아세안","소계",가전·전자·통신기기,가전·전자,계,,,,,2374,2340,3364,3141,1863,3182,30,74,45,87,239,535,475
"아시아","아세안","소계",가전·전자·통신기기,가전·전자,면세점,,,,,119,515,95,49,22,28,24,61,29,67,43,44,97
"아시아","아세안","소계",가전·전자·통신기기,가전·전자,면세점 이외,,,,,2255,1825,3269,3092,1841,3154,6,13,16,20,196,491,378
"아시아","아세안","소계",가전·전자·통신기기,통신기기,계,,,,,6,7,0,1,2,4,6,1,4,5,1,73,4
"아시아","아세안","소계",가전·전자·통신기기,통신기기,면세점,,,,,1,0,0,0,2,2,2,0,4,3,0,0,0
"아시아","아세안","소계",가전·전자·통신기기,통신기기,면세점 이외,,,,,5,7,0,1,0,2,4,1,0,2,1,73,4
"아시아","아세안","소계",소프트웨어,소계,계,0,0,0,0,24,0,0,0,3,0,0,0,0,1,9,44,56
"아시아","아세안","소계",소프트웨어,소계,면세점,0,0,0,0,0,0,0,0,0,0,0,0,0,0,0,0,0
"아시아","아세안","소계",소프트웨어,소계,면세점 이외,0,0,0,0,24,0,0,0,3,0,0,0,0,1,9,44,56
"아시아","아세안","소계",서 적,소계,계,524,927,448,253,314,253,340,195,120,101,115,208,371,114,155,323,248
"아시아","아세안","소계",서 적,소계,면세점,0,0,0,0,0,0,0,0,0,0,0,0,0,0,0,0,0
"아시아","아세안","소계",서 적,소계,면세점 이외,524,927,448,253,314,253,340,195,120,101,115,208,371,114,155,323,248
"아시아","아세안","소계",사무·문구,소계,계,520,669,661,775,1430,1114,1378,1469,1196,1274,800,986,1098,1049,1669,1769,2642
"아시아","아세안","소계",사무·문구,소계,면세점,0,0,2,1,0,0,0,0,0,0,0,0,0,0,0,0,0
"아시아","아세안","소계",사무·문구,소계,면세점 이외,520,669,659,774,1430,1114,1378,1469,1196,1274,800,986,1098,1049,1669,1769,2642
"아시아","아세안","소계",음반·비디오·악기,소계,계,2765,5277,2558,2537,6722,5549,4328,6297,2547,6060,3506,3908,2893,6187,4450,4767,8537
"아시아","아세안","소계",음반·비디오·악기,소계,면세점,0,0,0,0,0,0,0,0,0,0,0,0,0,0,0,0,0
"아시아","아세안","소계",음반·비디오·악기,소계,면세점 이외,2765,5277,2558,2537,6722,5549,4328,6297,2547,6060,3506,3908,2893,6187,4450,4767,8537
"아시아","아세안","소계",의류 및 패션 관련 상품,소계,계,8073,6516,9022,9369,6418,7246,6825,7294,13620,11387,4900,3921,2332,2708,3166,3477,2694
"아시아","아세안","소계",의류 및 패션 관련 상품,소계,면세점,142,219,311,175,250,285,216,404,341,416,361,639,647,836,1379,1058,952
"아시아","아세안","소계",의류 및 패션 관련 상품,소계,면세점 이외,7931,6297,8711,9194,6168,6961,6609,6890,13279,10971,4539,3282,1685,1872,1787,2419,1742
"아시아","아세안","소계",스포츠·레저용품,소계,계,1295,1060,1435,1670,1563,1074,1912,1797,1185,1881,18,51,28,35,90,92,211
"아시아","아세안","소계",스포츠·레저용품,소계,면세점,0,0,0,0,0,0,0,0,0,0,0,0,0,0,0,0,0
"아시아","아세안","소계",스포츠·레저용품,소계,면세점 이외,1295,1060,1435,1670,1563,1074,1912,1797,1185,1881,18,51,28,35,90,92,211
"아시아","아세안","소계",화장품,소계,계,3931,2955,5971,6425,9475,10526,10670,17447,15352,14049,16019,20453,18805,20495,24917,32346,36096
"아시아","아세안","소계",화장품,소계,면세점,2767,2085,5106,5692,5968,6757,3810,12050,9921,7828,7800,10723,8655,7937,10756,12953,14972
"아시아","아세안","소계",화장품,소계,면세점 이외,1164,870,865,733,3507,3769,6860,5397,5431,6221,8219,9730,10150,12558,14161,19393,21124
"아시아","아세안","소계",아동·유아용품,소계,계,275,272,222,320,137,61,85,76,52,77,100,167,174,185,230,246,241
"아시아","아세안","소계",아동·유아용품,소계,면세점,0,0,0,0,0,0,0,0,0,0,0,0,0,0,0,0,0
"아시아","아세안","소계",아동·유아용품,소계,면세점 이외,275,272,222,320,137,61,85,76,52,77,100,167,174,185,230,246,241
"아시아","아세안","소계",음·식료품,소계,계,132,173,193,245,454,632,1025,1074,1339,1694,2046,1778,1803,3235,3429,2971,4233
"아시아","아세안","소계",음·식료품,소계,면세점,12,25,50,65,62,82,42,64,102,216,297,313,297,451,596,680,750
"아시아","아세안","소계",음·식료품,소계,면세점 이외,120,148,143,180,392,550,983,1010,1237,1478,1749,1465,1506,2784,2833,2291,3483
"아시아","아세안","소계",농축수산물,소계,계,0,0,0,0,0,0,0,0,0,0,0,0,0,0,0,0,0
"아시아","아세안","소계",농축수산물,소계,면세점,0,0,0,0,0,0,0,0,0,0,0,0,0,0,0,0,0
"아시아","아세안","소계",농축수산물,소계,면세점 이외,0,0,0,0,0,0,0,0,0,0,0,0,0,0,0,0,0
"아시아","아세안","소계",생활·자동차용품,소계,계,894,881,1471,1503,1329,1271,2590,1860,1009,1568,216,201,188,148,169,250,279
"아시아","아세안","소계",생활·자동차용품,소계,면세점,0,0,0,0,0,0,0,0,0,0,0,0,0,0,0,0,0
"아시아","아세안","소계",생활·자동차용품,소계,면세점 이외,894,881,1471,1503,1329,1271,2590,1860,1009,1568,216,201,188,148,169,250,279
"아시아","아세안","소계",기 타,소계,계,397,350,313,273,3565,3712,4415,4534,2689,3079,3912,6235,7021,5993,6216,6787,9114
"아시아","아세안","소계",기 타,소계,면세점,0,0,0,0,0,0,0,0,0,1,2,42,7,4,3,7,1
"아시아","아세안","소계",기 타,소계,면세점 이외,397,350,313,273,3565,3712,4415,4534,2689,3078,3910,6193,7014,5989,6213,6780,9113
"아시아","중동","소계",합계,소계,계,529,809,692,605,1001,1131,1350,1871,1035,1429,1498,2016,2846,3206,6671,12010,8484
"아시아","중동","소계",합계,소계,면세점,0,0,0,0,0,0,1,0,0,1,1,1,0,0,2,1,0
"아시아","중동","소계",합계,소계,면세점 이외,529,809,692,605,1001,1131,1349,1871,1035,1428,1497,2015,2846,3206,6669,12009,8484
"아시아","중동","소계",컴퓨터 및 주변기기,소계,계,2,14,48,33,49,35,93,130,140,181,138,165,73,89,100,163,85
"아시아","중동","소계",컴퓨터 및 주변기기,소계,면세점,0,0,0,0,0,0,0,0,0,0,0,0,0,0,0,0,0
"아시아","중동","소계",컴퓨터 및 주변기기,소계,면세점 이외,2,14,48,33,49,35,93,130,140,181,138,165,73,89,100,163,85
"아시아","중동","소계",가전·전자·통신기기,소계,계,8,17,8,32,18,18,8,19,9,11,15,19,37,25,29,24,22
"아시아","중동","소계",가전·전자·통신기기,소계,면세점,0,0,0,0,0,0,0,0,0,0,0,0,0,0,0,0,0
"아시아","중동","소계",가전·전자·통신기기,소계,면세점 이외,8,17,8,32,18,18,8,19,10,11,15,19,37,25,29,24,22
"아시아","중동","소계",가전·전자·통신기기,가전·전자,계,,,,,7,18,7,16,5,11,15,15,24,20,27,24,22
"아시아","중동","소계",가전·전자·통신기기,가전·전자,면세점,,,,,0,0,0,0,0,0,0,0,0,0,0,0,0
"아시아","중동","소계",가전·전자·통신기기,가전·전자,면세점 이외,,,,,7,18,7,16,5,11,15,15,24,20,27,24,22
"아시아","중동","소계",가전·전자·통신기기,통신기기,계,,,,,11,0,1,3,4,0,0,4,13,5,2,0,0
"아시아","중동","소계",가전·전자·통신기기,통신기기,면세점,,,,,0,0,0,0,0,0,0,0,0,0,0,0,0
"아시아","중동","소계",가전·전자·통신기기,통신기기,면세점 이외,,,,,11,0,1,3,4,0,0,4,13,5,2,0,0
"아시아","중동","소계",소프트웨어,소계,계,0,0,0,0,1,0,0,0,0,0,0,0,0,0,0,2,3
"아시아","중동","소계",소프트웨어,소계,면세점,0,0,0,0,0,0,0,0,0,0,0,0,0,0,0,0,0
"아시아","중동","소계",소프트웨어,소계,면세점 이외,0,0,0,0,1,0,0,0,0,0,0,0,0,0,0,2,3
"아시아","중동","소계",서 적,소계,계,36,53,46,16,23,20,23,92,27,12,14,12,9,3,11,22,13
"아시아","중동","소계",서 적,소계,면세점,0,0,0,0,0,0,0,0,0,0,0,0,0,0,0,0,0
"아시아","중동","소계",서 적,소계,면세점 이외,36,53,46,16,23,20,23,92,27,12,14,12,9,3,11,22,13
"아시아","중동","소계",사무·문구,소계,계,2,3,1,4,2,1,3,1,11,203,6,0,2,2,0,1,2
"아시아","중동","소계",사무·문구,소계,면세점,0,0,0,0,0,0,0,0,0,0,0,0,0,0,0,0,0
"아시아","중동","소계",사무·문구,소계,면세점 이외,2,3,1,4,2,1,3,1,11,203,6,0,2,2,0,1,2
"아시아","중동","소계",음반·비디오·악기,소계,계,211,353,245,130,554,650,661,857,248,411,258,265,193,348,282,290,537
"아시아","중동","소계",음반·비디오·악기,소계,면세점,0,0,0,0,0,0,0,0,0,0,0,0,0,0,0,0,0
"아시아","중동","소계",음반·비디오·악기,소계,면세점 이외,211,353,245,130,554,650,661,857,248,411,258,265,193,348,282,290,537
"아시아","중동","소계",의류 및 패션 관련 상품,소계,계,154,194,179,142,73,78,76,93,119,96,352,723,496,563,774,744,645
"아시아","중동","소계",의류 및 패션 관련 상품,소계,면세점,0,0,0,0,0,0,0,0,0,0,0,0,0,0,0,0,0
"아시아","중동","소계",의류 및 패션 관련 상품,소계,면세점 이외,154,194,179,142,73,78,76,93,119,96,352,723,496,563,774,744,645
"아시아","중동","소계",스포츠·레저용품,소계,계,2,1,1,3,0,3,0,1,1,16,6,13,16,2,10,5,16
"아시아","중동","소계",스포츠·레저용품,소계,면세점,0,0,0,0,0,0,0,0,0,0,0,0,0,0,0,0,0
"아시아","중동","소계",스포츠·레저용품,소계,면세점 이외,2,1,1,3,0,3,0,1,1,16,6,13,16,2,10,5,16
"아시아","중동","소계",화장품,소계,계,93,159,130,200,182,179,320,392,399,384,614,686,1845,1927,5172,10423,6686
"아시아","중동","소계",화장품,소계,면세점,0,0,0,0,0,0,1,0,0,1,0,0,0,0,0,1,0
"아시아","중동","소계",화장품,소계,면세점 이외,93,159,130,200,182,179,319,392,399,383,614,686,1845,1927,5172,10422,6686
"아시아","중동","소계",아동·유아용품,소계,계,4,2,5,6,3,1,2,1,0,4,1,1,1,0,6,4,2
"아시아","중동","소계",아동·유아용품,소계,면세점,0,0,0,0,0,0,0,0,0,0,0,0,0,0,0,0,0
"아시아","중동","소계",아동·유아용품,소계,면세점 이외,4,2,5,6,3,1,2,1,0,4,1,1,1,0,6,4,2
"아시아","중동","소계",음·식료품,소계,계,4,2,2,2,2,1,0,1,5,1,4,6,70,87,132,125,144
"아시아","중동","소계",음·식료품,소계,면세점,0,0,0,0,0,0,0,0,0,0,1,1,0,0,2,0,0
"아시아","중동","소계",음·식료품,소계,면세점 이외,4,2,2,2,2,1,0,1,5,1,3,5,70,87,130,125,144
"아시아","중동","소계",농축수산물,소계,계,0,0,0,0,0,0,0,0,0,0,0,0,0,0,0,0,0
"아시아","중동","소계",농축수산물,소계,면세점,0,0,0,0,0,0,0,0,0,0,0,0,0,0,0,0,0
"아시아","중동","소계",농축수산물,소계,면세점 이외,0,0,0,0,0,0,0,0,0,0,0,0,0,0,0,0,0
"아시아","중동","소계",생활·자동차용품,소계,계,5,3,3,4,5,4,7,7,9,24,16,6,22,44,48,67,84
"아시아","중동","소계",생활·자동차용품,소계,면세점,0,0,0,0,0,0,0,0,0,0,0,0,0,0,0,0,0
"아시아","중동","소계",생활·자동차용품,소계,면세점 이외,5,3,3,4,5,4,7,7,9,24,16,6,22,44,48,67,84
"아시아","중동","소계",기 타,소계,계,8,10,21,33,89,141,157,277,67,86,74,120,82,116,107,140,245
"아시아","중동","소계",기 타,소계,면세점,0,0,0,0,0,0,0,0,0,0,0,0,0,0,0,0,0
"아시아","중동","소계",기 타,소계,면세점 이외,8,10,21,33,89,141,157,277,67,86,74,120,82,116,107,140,245
"아시아","기타 아시아","소계",합계,소계,계,,,,,704,889,2962,3221,2094,2656,2385,2768,2335,3591,3954,5980,7002
"아시아","기타 아시아","소계",합계,소계,면세점,,,,,0,2,1690,1904,1209,1515,929,1271,906,911,885,1310,711
"아시아","기타 아시아","소계",합계,소계,면세점 이외,,,,,704,887,1272,1317,885,1141,1456,1497,1429,2680,3069,4670,6291
"아시아","기타 아시아","소계",컴퓨터 및 주변기기,소계,계,,,,,175,210,374,426,245,260,281,342,263,211,119,157,148
"아시아","기타 아시아","소계",컴퓨터 및 주변기기,소계,면세점,,,,,0,0,0,0,0,0,0,0,0,0,0,0,0
"아시아","기타 아시아","소계",컴퓨터 및 주변기기,소계,면세점 이외,,,,,175,210,374,426,245,260,281,342,263,211,119,157,148
"아시아","기타 아시아","소계",가전·전자·통신기기,소계,계,,,,,15,24,61,24,23,22,23,28,21,24,34,45,26
"아시아","기타 아시아","소계",가전·전자·통신기기,소계,면세점,,,,,0,0,52,23,14,16,18,23,14,17,19,34,20
"아시아","기타 아시아","소계",가전·전자·통신기기,소계,면세점 이외,,,,,15,24,9,1,10,7,5,5,7,7,15,11,6
"아시아","기타 아시아","소계",가전·전자·통신기기,가전·전자,계,,,,,5,6,58,24,19,18,22,27,19,22,32,45,26
"아시아","기타 아시아","소계",가전·전자·통신기기,가전·전자,면세점,,,,,0,0,52,23,14,16,18,23,12,17,19,34,20
"아시아","기타 아시아","소계",가전·전자·통신기기,가전·전자,면세점 이외,,,,,5,6,6,1,5,2,4,4,7,5,13,11,6
"아시아","기타 아시아","소계",가전·전자·통신기기,통신기기,계,,,,,10,18,3,0,4,4,1,1,2,2,2,0,0
"아시아","기타 아시아","소계",가전·전자·통신기기,통신기기,면세점,,,,,0,0,0,0,0,0,0,0,2,0,0,0,0
"아시아","기타 아시아","소계",가전·전자·통신기기,통신기기,면세점 이외,,,,,10,18,3,0,4,4,1,1,0,2,2,0,0
"아시아","기타 아시아","소계",소프트웨어,소계,계,,,,,0,0,0,0,1,0,0,0,0,0,0,0,0
"아시아","기타 아시아","소계",소프트웨어,소계,면세점,,,,,0,0,0,0,0,0,0,0,0,0,0,0,0
"아시아","기타 아시아","소계",소프트웨어,소계,면세점 이외,,,,,0,0,0,0,1,0,0,0,0,0,0,0,0
"아시아","기타 아시아","소계",서 적,소계,계,,,,,17,4,7,4,2,3,3,6,8,0,4,8,7
"아시아","기타 아시아","소계",서 적,소계,면세점,,,,,0,0,0,0,0,0,0,0,0,0,0,0,0
"아시아","기타 아시아","소계",서 적,소계,면세점 이외,,,,,17,4,7,4,2,3,3,6,8,0,4,8,7
"아시아","기타 아시아","소계",사무·문구,소계,계,,,,,9,17,15,14,3,16,15,14,45,19,4,8,12
"아시아","기타 아시아","소계",사무·문구,소계,면세점,,,,,0,0,0,0,0,0,0,0,0,0,0,0,0
"아시아","기타 아시아","소계",사무·문구,소계,면세점 이외,,,,,9,17,15,14,3,16,15,14,45,19,4,8,12
"아시아","기타 아시아","소계",음반·비디오·악기,소계,계,,,,,259,294,630,468,161,446,718,606,226,485,407,250,1144
"아시아","기타 아시아","소계",음반·비디오·악기,소계,면세점,,,,,0,0,0,0,0,0,0,0,0,0,0,0,0
"아시아","기타 아시아","소계",음반·비디오·악기,소계,면세점 이외,,,,,259,294,630,468,161,446,718,606,226,485,407,250,1144
"아시아","기타 아시아","소계",의류 및 패션 관련 상품,소계,계,,,,,127,183,154,214,157,236,183,206,132,215,169,487,266
"아시아","기타 아시아","소계",의류 및 패션 관련 상품,소계,면세점,,,,,0,0,105,129,112,181,154,160,98,168,134,148,115
"아시아","기타 아시아","소계",의류 및 패션 관련 상품,소계,면세점 이외,,,,,127,183,49,85,45,55,29,46,34,47,35,339,151
"아시아","기타 아시아","소계",스포츠·레저용품,소계,계,,,,,0,0,1,0,0,0,1,3,0,0,0,1,2
"아시아","기타 아시아","소계",스포츠·레저용품,소계,면세점,,,,,0,0,0,0,0,0,0,0,0,0,0,0,0
"아시아","기타 아시아","소계",스포츠·레저용품,소계,면세점 이외,,,,,0,0,1,0,0,0,1,3,0,0,0,1,2
"아시아","기타 아시아","소계",화장품,소계,계,,,,,57,90,1606,1827,1244,1466,928,1246,1445,2283,2950,4230,4312
"아시아","기타 아시아","소계",화장품,소계,면세점,,,,,0,1,1507,1715,1049,1278,683,1023,739,588,653,1039,491
"아시아","기타 아시아","소계",화장품,소계,면세점 이외,,,,,57,89,99,112,195,188,245,223,706,1695,2297,3191,3821
"아시아","기타 아시아","소계",아동·유아용품,소계,계,,,,,1,1,0,0,0,0,0,0,0,0,0,0,0
"아시아","기타 아시아","소계",아동·유아용품,소계,면세점,,,,,0,0,0,0,0,0,0,0,0,0,0,0,0
"아시아","기타 아시아","소계",아동·유아용품,소계,면세점 이외,,,,,1,1,0,0,0,0,0,0,0,0,0,0,0
"아시아","기타 아시아","소계",음·식료품,소계,계,,,,,4,1,27,38,34,40,59,86,74,162,106,121,124
"아시아","기타 아시아","소계",음·식료품,소계,면세점,,,,,0,1,26,37,34,40,57,65,55,138,79,89,85
"아시아","기타 아시아","소계",음·식료품,소계,면세점 이외,,,,,4,0,1,1,0,0,2,21,19,24,27,32,39
"아시아","기타 아시아","소계",농축수산물,소계,계,,,,,0,0,0,0,0,0,0,0,0,0,0,0,0
"아시아","기타 아시아","소계",농축수산물,소계,면세점,,,,,0,0,0,0,0,0,0,0,0,0,0,0,0
"아시아","기타 아시아","소계",농축수산물,소계,면세점 이외,,,,,0,0,0,0,0,0,0,0,0,0,0,0,0
"아시아","기타 아시아","소계",생활·자동차용품,소계,계,,,,,0,1,0,3,0,2,5,1,4,5,7,10,10
"아시아","기타 아시아","소계",생활·자동차용품,소계,면세점,,,,,0,0,0,0,0,0,0,0,0,0,0,0,0
"아시아","기타 아시아","소계",생활·자동차용품,소계,면세점 이외,,,,,0,1,0,3,0,2,5,1,4,5,7,10,10
"아시아","기타 아시아","소계",기 타,소계,계,,,,,40,64,87,203,224,165,169,230,117,187,154,663,951
"아시아","기타 아시아","소계",기 타,소계,면세점,,,,,0,0,0,0,0,0,17,0,0,0,0,0,0
"아시아","기타 아시아","소계",기 타,소계,면세점 이외,,,,,40,64,87,203,224,165,152,230,117,187,154,663,951
"북미","소계","소계",합계,소계,계,,,,,82512,99786,120050,127160,142266,159024,175708,205447,207204,203742,219446,267616,260920
"북미","소계","소계",합계,소계,면세점,,,,,239,374,1118,1739,697,1446,1353,2198,2073,2712,2804,4194,3122
"북미","소계","소계",합계,소계,면세점 이외,,,,,82273,99412,118932,125421,141569,157578,174355,203249,205131,201030,216642,263422,257798
"북미","소계","소계",컴퓨터 및 주변기기,소계,계,,,,,6455,6288,9181,16101,8705,12582,12913,19411,10654,12903,15467,27635,11120
"북미","소계","소계",컴퓨터 및 주변기기,소계,면세점,,,,,0,0,0,0,0,0,0,0,0,0,0,0,0
"북미","소계","소계",컴퓨터 및 주변기기,소계,면세점 이외,,,,,6455,6288,9181,16101,8705,12582,12913,19411,10654,12903,15467,27635,11120
"북미","소계","소계",가전·전자·통신기기,소계,계,,,,,1198,1334,766,1345,787,1599,644,1390,1021,866,1062,1330,746
"북미","소계","소계",가전·전자·통신기기,소계,면세점,,,,,7,15,29,50,22,65,71,80,61,71,85,115,79
"북미","소계","소계",가전·전자·통신기기,소계,면세점 이외,,,,,1191,1319,737,1295,766,1537,573,1310,960,796,977,1215,667
"북미","소계","소계",가전·전자·통신기기,가전·전자,계,,,,,1067,1204,730,1317,723,1566,609,1352,980,826,1032,1289,738
"북미","소계","소계",가전·전자·통신기기,가전·전자,면세점,,,,,7,15,15,50,21,59,69,80,58,67,83,115,75
"북미","소계","소계",가전·전자·통신기기,가전·전자,면세점 이외,,,,,1060,1189,715,1267,702,1507,540,1272,922,759,949,1174,663
"북미","소계","소계",가전·전자·통신기기,통신기기,계,,,,,131,130,36,28,65,36,35,38,41,41,30,41,8
"북미","소계","소계",가전·전자·통신기기,통신기기,면세점,,,,,0,0,14,0,1,6,2,0,3,4,2,0,4
"북미","소계","소계",가전·전자·통신기기,통신기기,면세점 이외,,,,,131,130,22,28,64,30,33,38,38,37,28,41,4
"북미","소계","소계",소프트웨어,소계,계,,,,,242,48,55,238,69,30,46,271,70,32,48,211,68
"북미","소계","소계",소프트웨어,소계,면세점,,,,,0,0,0,0,0,0,0,0,0,0,0,0,0
"북미","소계","소계",소프트웨어,소계,면세점 이외,,,,,242,48,55,238,69,30,46,271,70,32,48,211,68
"북미","소계","소계",서 적,소계,계,,,,,3223,1653,1702,1892,1375,1121,1329,1563,1570,1010,1133,1261,1047
"북미","소계","소계",서 적,소계,면세점,,,,,0,0,0,0,0,0,0,0,0,0,0,0,0
"북미","소계","소계",서 적,소계,면세점 이외,,,,,3223,1653,1702,1892,1375,1121,1329,1563,1570,1010,1133,1261,1047
"북미","소계","소계",사무·문구,소계,계,,,,,2101,1618,1881,1969,1405,2146,1830,2480,2764,2220,2489,3610,1796
"북미","소계","소계",사무·문구,소계,면세점,,,,,0,0,0,0,0,1,0,0,0,2,1,4,1
"북미","소계","소계",사무·문구,소계,면세점 이외,,,,,2101,1618,1881,1969,1405,2145,1830,2480,2764,2218,2488,3606,1795
"북미","소계","소계",음반·비디오·악기,소계,계,,,,,14186,17228,13254,20018,11937,14758,12798,14153,14292,14681,14880,16271,21344
"북미","소계","소계",음반·비디오·악기,소계,면세점,,,,,0,0,0,0,0,0,0,0,0,0,0,0,0
"북미","소계","소계",음반·비디오·악기,소계,면세점 이외,,,,,14186,17228,13254,20018,11937,14758,12798,14153,14292,14681,14880,16271,21344
"북미","소계","소계",의류 및 패션 관련 상품,소계,계,,,,,23284,23382,23895,33597,29894,34500,32698,33569,21067,23342,22288,24766,18461
"북미","소계","소계",의류 및 패션 관련 상품,소계,면세점,,,,,26,50,100,164,98,168,167,234,203,310,340,434,289
"북미","소계","소계",의류 및 패션 관련 상품,소계,면세점 이외,,,,,23258,23332,23795,33433,29796,34332,32531,33335,20864,23032,21948,24332,18172
"북미","소계","소계",스포츠·레저용품,소계,계,,,,,694,1041,927,959,969,1181,820,1584,1027,1064,1223,1127,1315
"북미","소계","소계",스포츠·레저용품,소계,면세점,,,,,0,0,0,0,0,0,1,2,2,4,4,3,6
"북미","소계","소계",스포츠·레저용품,소계,면세점 이외,,,,,694,1041,927,959,969,1181,819,1582,1025,1060,1219,1124,1309
"북미","소계","소계",화장품,소계,계,,,,,15056,26599,47805,27204,66875,68810,84428,101528,115150,116167,125315,155709,157645
"북미","소계","소계",화장품,소계,면세점,,,,,134,213,874,1376,433,1014,913,1523,1563,1885,1991,3043,2311
"북미","소계","소계",화장품,소계,면세점 이외,,,,,14922,26386,46931,25828,66442,67796,83515,100005,113587,114282,123324,152666,155334
"북미","소계","소계",아동·유아용품,소계,계,,,,,811,556,721,643,716,531,517,650,622,773,1127,883,859
"북미","소계","소계",아동·유아용품,소계,면세점,,,,,0,0,0,0,0,0,0,0,0,0,1,0,1
"북미","소계","소계",아동·유아용품,소계,면세점 이외,,,,,811,556,721,643,716,531,517,650,622,773,1126,883,858
"북미","소계","소계",음·식료품,소계,계,,,,,3208,4175,4020,4626,4490,4176,4375,6064,6701,6363,7164,5895,5765
"북미","소계","소계",음·식료품,소계,면세점,,,,,72,96,115,149,144,197,190,356,240,433,375,589,432
"북미","소계","소계",음·식료품,소계,면세점 이외,,,,,3136,4079,3905,4477,4346,3979,4185,5708,6461,5930,6789,5306,5333
"북미","소계","소계",농축수산물,소계,계,,,,,19,12,10,10,8,8,5,9,6,6,4,5,5
"북미","소계","소계",농축수산물,소계,면세점,,,,,0,0,0,0,0,0,0,0,0,0,0,0,0
"북미","소계","소계",농축수산물,소계,면세점 이외,,,,,19,12,10,10,8,8,5,9,6,6,4,5,5
"북미","소계","소계",생활·자동차용품,소계,계,,,,,1611,2582,3652,2790,2319,3382,3944,5146,10052,2801,3084,3037,2632
"북미","소계","소계",생활·자동차용품,소계,면세점,,,,,0,0,0,0,0,1,11,3,4,7,7,6,3
"북미","소계","소계",생활·자동차용품,소계,면세점 이외,,,,,1611,2582,3652,2790,2319,3381,3933,5143,10048,2794,3077,3031,2629
"북미","소계","소계",기 타,소계,계,,,,,10424,13270,12181,15768,12716,14197,19361,17629,22208,21513,24162,25876,38117
"북미","소계","소계",기 타,소계,면세점,,,,,0,0,0,0,0,0,0,0,0,0,0,0,0
"북미","소계","소계",기 타,소계,면세점 이외,,,,,10424,13270,12181,15768,12716,14197,19361,17629,22208,21513,24162,25876,38117
"북미","미국","소계",합계,소계,계,55878,50779,49997,56551,79722,96924,116718,122318,138823,154675,169051,200528,200997,197266,213657,258688,252057
"북미","미국","소계",합계,소계,면세점,127,220,222,362,222,362,1084,1700,670,1416,1326,2152,2041,2674,2761,4137,3064
"북미","미국","소계",합계,소계,면세점 이외,55751,50559,49775,56189,79500,96562,115634,120618,138153,153259,167725,198376,198956,194592,210896,254551,248993
"북미","미국","소계",컴퓨터 및 주변기기,소계,계,1020,976,839,1019,6191,5816,8332,14687,8100,11792,11831,17795,9722,12036,14470,25628,10382
"북미","미국","소계",컴퓨터 및 주변기기,소계,면세점,0,0,0,0,0,0,0,0,0,0,0,0,0,0,0,0,0
"북미","미국","소계",컴퓨터 및 주변기기,소계,면세점 이외,1020,976,839,1019,6191,5816,8332,14687,8100,11792,11831,17795,9722,12036,14470,25628,10382
"북미","미국","소계",가전·전자·통신기기,소계,계,472,541,537,602,1128,1306,713,1293,758,1548,602,1308,955,826,1020,1245,707
"북미","미국","소계",가전·전자·통신기기,소계,면세점,0,3,1,6,6,14,16,50,22,61,68,78,61,67,79,114,76
"북미","미국","소계",가전·전자·통신기기,소계,면세점 이외,472,538,536,596,1122,1292,697,1243,737,1489,534,1230,894,760,941,1131,631
"북미","미국","소계",가전·전자·통신기기,가전·전자,계,,,,,1016,1181,692,1268,697,1515,567,1279,916,786,994,1208,701
"북미","미국","소계",가전·전자·통신기기,가전·전자,면세점,,,,,6,14,15,50,21,56,66,78,58,63,79,114,74
"북미","미국","소계",가전·전자·통신기기,가전·전자,면세점 이외,,,,,1010,1167,677,1218,676,1459,501,1201,858,723,915,1094,627
"북미","미국","소계",가전·전자·통신기기,통신기기,계,,,,,112,125,21,25,62,35,35,29,39,41,26,37,6
"북미","미국","소계",가전·전자·통신기기,통신기기,면세점,,,,,0,0,1,0,1,5,2,0,3,4,0,0,2
"북미","미국","소계",가전·전자·통신기기,통신기기,면세점 이외,,,,,112,125,20,25,61,30,33,29,36,37,26,37,4
"북미","미국","소계",소프트웨어,소계,계,88,50,87,268,240,48,55,238,69,30,46,271,70,32,44,211,68
"북미","미국","소계",소프트웨어,소계,면세점,0,0,0,0,0,0,0,0,0,0,0,0,0,0,0,0,0
"북미","미국","소계",소프트웨어,소계,면세점 이외,88,50,87,268,240,48,55,238,69,30,46,271,70,32,44,211,68
"북미","미국","소계",서 적,소계,계,1568,1361,1434,1306,3131,1591,1630,1765,1321,1075,1278,1486,1495,979,1090,1198,1002
"북미","미국","소계",서 적,소계,면세점,0,0,0,0,0,0,0,0,0,0,0,0,0,0,0,0,0
"북미","미국","소계",서 적,소계,면세점 이외,1568,1361,1434,1306,3131,1591,1630,1765,1321,1075,1278,1486,1495,979,1090,1198,1002
"북미","미국","소계",사무·문구,소계,계,629,943,290,1032,2000,1522,1758,1816,1327,2024,1615,2259,2516,2060,2307,3314,1658
"북미","미국","소계",사무·문구,소계,면세점,0,0,0,1,0,0,0,0,0,1,0,0,0,2,1,4,1
"북미","미국","소계",사무·문구,소계,면세점 이외,629,943,290,1031,2000,1522,1758,1816,1327,2023,1615,2259,2516,2058,2306,3310,1657
"북미","미국","소계",음반·비디오·악기,소계,계,7348,7884,7589,6992,13271,16605,12751,19054,11498,13958,12276,13555,13850,13983,14323,15716,20151
"북미","미국","소계",음반·비디오·악기,소계,면세점,0,0,0,0,0,0,0,0,0,0,0,0,0,0,0,0,0
"북미","미국","소계",음반·비디오·악기,소계,면세점 이외,7348,7884,7589,6992,13271,16605,12751,19054,11498,13958,12276,13555,13850,13983,14323,15716,20151
"북미","미국","소계",의류 및 패션 관련 상품,소계,계,20257,20987,20138,25312,22857,23237,23468,33080,29490,34106,32360,33101,20734,22959,21959,24418,18124
"북미","미국","소계",의류 및 패션 관련 상품,소계,면세점,6,32,38,40,25,49,97,162,96,168,166,230,201,308,338,433,289
"북미","미국","소계",의류 및 패션 관련 상품,소계,면세점 이외,20251,20955,20100,25272,22832,23188,23371,32918,29394,33938,32194,32871,20533,22651,21621,23985,17835
"북미","미국","소계",스포츠·레저용품,소계,계,321,278,427,670,683,1022,912,945,938,1149,811,1504,1008,1044,1169,1090,1301
"북미","미국","소계",스포츠·레저용품,소계,면세점,0,0,0,0,0,0,0,0,0,0,1,2,2,4,4,3,6
"북미","미국","소계",스포츠·레저용품,소계,면세점 이외,321,278,427,670,683,1022,912,945,938,1149,810,1502,1006,1040,1165,1087,1295
"북미","미국","소계",화장품,소계,계,9537,7245,7407,9535,14534,25686,46995,26582,65485,67172,80779,100477,111815,112567,122408,150951,153063
"북미","미국","소계",화장품,소계,면세점,99,133,108,208,130,208,864,1359,420,1004,901,1503,1550,1873,1976,3021,2287
"북미","미국","소계",화장품,소계,면세점 이외,9438,7112,7299,9327,14404,25478,46131,25223,65065,66168,79878,98974,110265,110694,120432,147930,150776
"북미","미국","소계",아동·유아용품,소계,계,572,529,353,539,776,541,703,629,710,508,512,638,612,768,1113,861,850
"북미","미국","소계",아동·유아용품,소계,면세점,0,0,0,0,0,0,0,0,0,0,0,0,0,0,1,0,1
"북미","미국","소계",아동·유아용품,소계,면세점 이외,572,529,353,539,776,541,703,629,710,508,512,638,612,768,1112,861,849
"북미","미국","소계",음·식료품,소계,계,1769,1210,1070,920,3177,4153,3976,4469,4358,4054,4274,5768,6434,6098,6908,5600,5493
"북미","미국","소계",음·식료품,소계,면세점,22,52,75,107,61,91,107,129,132,181,179,336,223,413,355,556,401
"북미","미국","소계",음·식료품,소계,면세점 이외,1747,1158,995,813,3116,4062,3869,4340,4226,3873,4095,5432,6211,5685,6553,5044,5092
"북미","미국","소계",농축수산물,소계,계,10,15,10,9,19,12,10,10,8,8,5,9,6,6,4,5,5
"북미","미국","소계",농축수산물,소계,면세점,0,0,0,0,0,0,0,0,0,0,0,0,0,0,0,0,0
"북미","미국","소계",농축수산물,소계,면세점 이외,10,15,10,9,19,12,10,10,8,8,5,9,6,6,4,5,5
"북미","미국","소계",생활·자동차용품,소계,계,528,532,1399,1830,1586,2556,3620,2754,2298,3294,3733,5115,9884,2663,2951,2929,2408
"북미","미국","소계",생활·자동차용품,소계,면세점,0,0,0,0,0,0,0,0,0,1,11,3,4,7,7,6,3
"북미","미국","소계",생활·자동차용품,소계,면세점 이외,528,532,1399,1830,1586,2556,3620,2754,2298,3293,3722,5112,9880,2656,2944,2923,2405
"북미","미국","소계",기 타,소계,계,11759,8228,8416,6520,10129,12829,11795,14996,12462,13955,18929,17242,21896,21244,23891,25522,36845
"북미","미국","소계",기 타,소계,면세점,0,0,0,0,0,0,0,0,0,0,0,0,0,0,0,0,0
"북미","미국","소계",기 타,소계,면세점 이외,11759,8228,8416,6520,10129,12829,11795,14996,12462,13955,18929,17242,21896,21244,23891,25522,36845
"북미","캐나다","소계",합계,소계,계,,,,,2790,2862,3332,4842,3443,4349,6657,4919,6207,6476,5789,8928,8863
"북미","캐나다","소계",합계,소계,면세점,,,,,17,12,34,39,27,30,27,46,32,38,43,57,58
"북미","캐나다","소계",합계,소계,면세점 이외,,,,,2773,2850,3298,4803,3416,4319,6630,4873,6175,6438,5746,8871,8805
"북미","캐나다","소계",컴퓨터 및 주변기기,소계,계,,,,,264,472,849,1414,605,790,1082,1616,932,867,997,2007,738
"북미","캐나다","소계",컴퓨터 및 주변기기,소계,면세점,,,,,0,0,0,0,0,0,0,0,0,0,0,0,0
"북미","캐나다","소계",컴퓨터 및 주변기기,소계,면세점 이외,,,,,264,472,849,1414,605,790,1082,1616,932,867,997,2007,738
"북미","캐나다","소계",가전·전자·통신기기,소계,계,,,,,70,28,53,52,29,51,42,82,66,40,42,85,39
"북미","캐나다","소계",가전·전자·통신기기,소계,면세점,,,,,1,1,13,0,0,4,3,2,0,4,6,1,3
"북미","캐나다","소계",가전·전자·통신기기,소계,면세점 이외,,,,,69,27,40,52,29,48,39,80,66,36,36,84,36
"북미","캐나다","소계",가전·전자·통신기기,가전·전자,계,,,,,51,23,38,49,26,51,42,73,64,40,38,81,37
"북미","캐나다","소계",가전·전자·통신기기,가전·전자,면세점,,,,,1,1,0,0,0,3,3,2,0,4,4,1,1
"북미","캐나다","소계",가전·전자·통신기기,가전·전자,면세점 이외,,,,,50,22,38,49,26,48,39,71,64,36,34,80,36
"북미","캐나다","소계",가전·전자·통신기기,통신기기,계,,,,,19,5,15,3,3,1,0,9,2,0,4,4,2
"북미","캐나다","소계",가전·전자·통신기기,통신기기,면세점,,,,,0,0,13,0,0,1,0,0,0,0,2,0,2
"북미","캐나다","소계",가전·전자·통신기기,통신기기,면세점 이외,,,,,19,5,2,3,3,0,0,9,2,0,2,4,0
"북미","캐나다","소계",소프트웨어,소계,계,,,,,2,0,0,0,0,0,0,0,0,0,4,0,0
"북미","캐나다","소계",소프트웨어,소계,면세점,,,,,0,0,0,0,0,0,0,0,0,0,0,0,0
"북미","캐나다","소계",소프트웨어,소계,면세점 이외,,,,,2,0,0,0,0,0,0,0,0,0,4,0,0
"북미","캐나다","소계",서 적,소계,계,,,,,92,62,72,127,54,46,51,77,75,31,43,63,45
"북미","캐나다","소계",서 적,소계,면세점,,,,,0,0,0,0,0,0,0,0,0,0,0,0,0
"북미","캐나다","소계",서 적,소계,면세점 이외,,,,,92,62,72,127,54,46,51,77,75,31,43,63,45
"북미","캐나다","소계",사무·문구,소계,계,,,,,101,96,123,153,78,122,215,221,248,160,182,296,138
"북미","캐나다","소계",사무·문구,소계,면세점,,,,,0,0,0,0,0,0,0,0,0,0,0,0,0
"북미","캐나다","소계",사무·문구,소계,면세점 이외,,,,,101,96,123,153,78,122,215,221,248,160,182,296,138
"북미","캐나다","소계",음반·비디오·악기,소계,계,,,,,915,623,503,964,439,800,522,598,442,698,557,555,1193
"북미","캐나다","소계",음반·비디오·악기,소계,면세점,,,,,0,0,0,0,0,0,0,0,0,0,0,0,0
"북미","캐나다","소계",음반·비디오·악기,소계,면세점 이외,,,,,915,623,503,964,439,800,522,598,442,698,557,555,1193
"북미","캐나다","소계",의류 및 패션 관련 상품,소계,계,,,,,427,145,427,517,404,394,338,468,333,383,329,348,337
"북미","캐나다","소계",의류 및 패션 관련 상품,소계,면세점,,,,,1,1,3,2,2,0,1,4,2,2,2,1,0
"북미","캐나다","소계",의류 및 패션 관련 상품,소계,면세점 이외,,,,,426,144,424,515,402,394,337,464,331,381,327,347,337
"북미","캐나다","소계",스포츠·레저용품,소계,계,,,,,11,19,15,14,31,32,9,80,19,20,54,37,14
"북미","캐나다","소계",스포츠·레저용품,소계,면세점,,,,,0,0,0,0,0,0,0,0,0,0,0,0,0
"북미","캐나다","소계",스포츠·레저용품,소계,면세점 이외,,,,,11,19,15,14,31,32,9,80,19,20,54,37,14
"북미","캐나다","소계",화장품,소계,계,,,,,522,913,810,622,1390,1638,3649,1051,3335,3600,2907,4758,4582
"북미","캐나다","소계",화장품,소계,면세점,,,,,4,5,10,17,13,10,12,20,13,12,15,22,24
"북미","캐나다","소계",화장품,소계,면세점 이외,,,,,518,908,800,605,1377,1628,3637,1031,3322,3588,2892,4736,4558
"북미","캐나다","소계",아동·유아용품,소계,계,,,,,35,15,18,14,6,23,5,12,10,5,14,22,9
"북미","캐나다","소계",아동·유아용품,소계,면세점,,,,,0,0,0,0,0,0,0,0,0,0,0,0,0
"북미","캐나다","소계",아동·유아용품,소계,면세점 이외,,,,,35,15,18,14,6,23,5,12,10,5,14,22,9
"북미","캐나다","소계",음·식료품,소계,계,,,,,31,22,44,157,132,122,101,296,267,265,256,295,272
"북미","캐나다","소계",음·식료품,소계,면세점,,,,,11,5,8,20,12,16,11,20,17,20,20,33,31
"북미","캐나다","소계",음·식료품,소계,면세점 이외,,,,,20,17,36,137,120,106,90,276,250,245,236,262,241
"북미","캐나다","소계",농축수산물,소계,계,,,,,0,0,0,0,0,0,0,0,0,0,0,0,0
"북미","캐나다","소계",농축수산물,소계,면세점,,,,,0,0,0,0,0,0,0,0,0,0,0,0,0
"북미","캐나다","소계",농축수산물,소계,면세점 이외,,,,,0,0,0,0,0,0,0,0,0,0,0,0,0
"북미","캐나다","소계",생활·자동차용품,소계,계,,,,,25,26,32,36,21,88,211,31,168,138,133,108,224
"북미","캐나다","소계",생활·자동차용품,소계,면세점,,,,,0,0,0,0,0,0,0,0,0,0,0,0,0
"북미","캐나다","소계",생활·자동차용품,소계,면세점 이외,,,,,25,26,32,36,21,88,211,31,168,138,133,108,224
"북미","캐나다","소계",기 타,소계,계,,,,,295,441,386,772,254,242,432,387,312,269,271,354,1272
"북미","캐나다","소계",기 타,소계,면세점,,,,,0,0,0,0,0,0,0,0,0,0,0,0,0
"북미","캐나다","소계",기 타,소계,면세점 이외,,,,,295,441,386,772,254,242,432,387,312,269,271,354,1272
"유럽","소계","소계",합계,소계,계,,,,,16140,19090,31846,23182,21250,27418,27789,34085,34847,34659,36819,55635,62073
"유럽","소계","소계",합계,소계,면세점,,,,,88,216,160,56,41,72,101,139,98,198,194,238,157
"유럽","소계","소계",합계,소계,면세점 이외,,,,,16052,18874,31686,23126,21209,27346,27688,33946,34749,34461,36625,55397,61916
"유럽","소계","소계",컴퓨터 및 주변기기,소계,계,,,,,3824,3413,5304,6982,4231,6923,6545,8450,6592,7258,7039,10355,7907
"유럽","소계","소계",컴퓨터 및 주변기기,소계,면세점,,,,,0,0,0,0,0,0,0,0,0,0,0,0,0
"유럽","소계","소계",컴퓨터 및 주변기기,소계,면세점 이외,,,,,3824,3413,5304,6982,4231,6923,6545,8450,6592,7258,7039,10355,7907
"유럽","소계","소계",가전·전자·통신기기,소계,계,,,,,277,324,427,477,684,327,244,332,463,324,381,870,506
"유럽","소계","소계",가전·전자·통신기기,소계,면세점,,,,,6,1,6,3,0,5,10,12,4,14,15,18,14
"유럽","소계","소계",가전·전자·통신기기,소계,면세점 이외,,,,,271,323,421,474,685,322,234,321,460,310,366,852,492
"유럽","소계","소계",가전·전자·통신기기,가전·전자,계,,,,,230,253,286,315,191,189,236,328,419,264,288,852,455
"유럽","소계","소계",가전·전자·통신기기,가전·전자,면세점,,,,,0,1,6,3,0,5,10,10,4,14,15,18,14
"유럽","소계","소계",가전·전자·통신기기,가전·전자,면세점 이외,,,,,230,252,280,312,191,184,226,318,415,250,273,834,441
"유럽","소계","소계",가전·전자·통신기기,통신기기,계,,,,,47,71,141,162,493,138,8,4,44,60,93,18,51
"유럽","소계","소계",가전·전자·통신기기,통신기기,면세점,,,,,6,0,0,0,0,0,0,2,0,0,0,0,0
"유럽","소계","소계",가전·전자·통신기기,통신기기,면세점 이외,,,,,41,71,141,162,493,138,8,2,44,60,93,18,51
"유럽","소계","소계",소프트웨어,소계,계,,,,,7,0,0,0,0,0,0,0,4,0,15,54,72
"유럽","소계","소계",소프트웨어,소계,면세점,,,,,0,0,0,0,0,0,0,0,0,0,0,0,0
"유럽","소계","소계",소프트웨어,소계,면세점 이외,,,,,7,0,0,0,0,0,0,0,4,0,15,54,72
"유럽","소계","소계",서 적,소계,계,,,,,213,182,304,329,177,152,155,274,231,104,224,492,357
"유럽","소계","소계",서 적,소계,면세점,,,,,0,0,0,0,0,0,0,0,0,0,0,0,0
"유럽","소계","소계",서 적,소계,면세점 이외,,,,,213,182,304,329,177,152,155,274,231,104,224,492,357
"유럽","소계","소계",사무·문구,소계,계,,,,,2559,2102,2916,3268,2124,2146,2428,2953,3187,2376,2954,3688,5108
"유럽","소계","소계",사무·문구,소계,면세점,,,,,0,0,0,0,0,0,0,0,0,0,0,0,0
"유럽","소계","소계",사무·문구,소계,면세점 이외,,,,,2559,2102,2916,3268,2124,2146,2428,2953,3187,2376,2954,3688,5108
"유럽","소계","소계",음반·비디오·악기,소계,계,,,,,3790,7338,12520,4976,2069,4346,2733,3605,3986,5297,4250,4509,8635
"유럽","소계","소계",음반·비디오·악기,소계,면세점,,,,,0,0,0,0,0,0,0,0,0,0,0,0,0
"유럽","소계","소계",음반·비디오·악기,소계,면세점 이외,,,,,3790,7338,12520,4976,2069,4346,2733,3605,3986,5297,4250,4509,8635
"유럽","소계","소계",의류 및 패션 관련 상품,소계,계,,,,,767,1100,889,779,1201,1292,863,890,1280,1842,1675,2702,3319
"유럽","소계","소계",의류 및 패션 관련 상품,소계,면세점,,,,,25,36,46,9,5,12,17,27,13,32,28,27,20
"유럽","소계","소계",의류 및 패션 관련 상품,소계,면세점 이외,,,,,742,1064,843,770,1196,1280,846,863,1267,1810,1647,2675,3299
"유럽","소계","소계",스포츠·레저용품,소계,계,,,,,422,27,15,13,34,164,25,149,50,69,261,171,304
"유럽","소계","소계",스포츠·레저용품,소계,면세점,,,,,0,0,0,0,0,0,0,0,0,0,0,0,0
"유럽","소계","소계",스포츠·레저용품,소계,면세점 이외,,,,,422,27,15,13,34,164,25,149,50,69,261,171,304
"유럽","소계","소계",화장품,소계,계,,,,,3545,3490,8181,4336,9835,10808,13471,15849,17074,15168,17762,29534,29287
"유럽","소계","소계",화장품,소계,면세점,,,,,49,167,92,38,28,47,65,82,72,131,126,162,96
"유럽","소계","소계",화장품,소계,면세점 이외,,,,,3496,3323,8089,4298,9807,10761,13406,15767,17002,15037,17636,29372,29191
"유럽","소계","소계",아동·유아용품,소계,계,,,,,80,19,24,11,11,88,14,58,65,51,105,256,149
"유럽","소계","소계",아동·유아용품,소계,면세점,,,,,0,0,0,0,0,0,0,0,0,0,0,0,0
"유럽","소계","소계",아동·유아용품,소계,면세점 이외,,,,,80,19,24,11,11,88,14,58,65,51,105,256,149
"유럽","소계","소계",음·식료품,소계,계,,,,,46,38,26,29,102,64,126,122,318,409,458,607,623
"유럽","소계","소계",음·식료품,소계,면세점,,,,,8,12,16,6,8,8,9,18,9,21,25,31,27
"유럽","소계","소계",음·식료품,소계,면세점 이외,,,,,38,26,10,23,94,56,117,104,309,388,433,576,596
"유럽","소계","소계",농축수산물,소계,계,,,,,0,0,0,0,0,0,0,0,0,0,0,0,0
"유럽","소계","소계",농축수산물,소계,면세점,,,,,0,0,0,0,0,0,0,0,0,0,0,0,0
"유럽","소계","소계",농축수산물,소계,면세점 이외,,,,,0,0,0,0,0,0,0,0,0,0,0,0,0
"유럽","소계","소계",생활·자동차용품,소계,계,,,,,12,25,108,53,139,185,352,273,316,424,377,405,459
"유럽","소계","소계",생활·자동차용품,소계,면세점,,,,,0,0,0,0,0,0,0,0,0,0,0,0,0
"유럽","소계","소계",생활·자동차용품,소계,면세점 이외,,,,,12,25,108,53,139,185,352,273,316,424,377,405,459
"유럽","소계","소계",기 타,소계,계,,,,,598,1032,1132,1929,643,923,833,1130,1281,1337,1318,1992,5347
"유럽","소계","소계",기 타,소계,면세점,,,,,0,0,0,0,0,0,0,0,0,0,0,0,0
"유럽","소계","소계",기 타,소계,면세점 이외,,,,,598,1032,1132,1929,643,923,833,1130,1281,1337,1318,1992,5347
"유럽","유럽연합+영국","소계",합계,소계,계,3646,4726,4413,4830,13534,16761,29639,20095,20222,25423,26305,32154,31797,30477,32900,50588,56539
"유럽","유럽연합+영국","소계",합계,소계,면세점,24,5,19,23,26,14,29,52,36,67,86,131,93,179,180,221,143
"유럽","유럽연합+영국","소계",합계,소계,면세점 이외,3622,4721,4394,4807,13508,16747,29610,20043,20186,25356,26219,32023,31704,30298,32720,50367,56396
"유럽","유럽연합+영국","소계",컴퓨터 및 주변기기,소계,계,206,336,1056,1568,3798,3360,5283,6936,4195,6656,6505,8402,6556,7216,6994,10341,7882
"유럽","유럽연합+영국","소계",컴퓨터 및 주변기기,소계,면세점,0,0,0,0,0,0,0,0,0,0,0,0,0,0,0,0,0
"유럽","유럽연합+영국","소계",컴퓨터 및 주변기기,소계,면세점 이외,206,336,1056,1568,3798,3360,5283,6936,4195,6656,6505,8402,6556,7216,6994,10341,7882
"유럽","유럽연합+영국","소계",가전·전자·통신기기,소계,계,61,109,101,165,273,319,416,467,682,325,237,319,449,314,367,850,488
"유럽","유럽연합+영국","소계",가전·전자·통신기기,소계,면세점,0,0,0,1,6,0,0,3,0,5,9,11,4,11,13,16,14
"유럽","유럽연합+영국","소계",가전·전자·통신기기,소계,면세점 이외,61,109,101,164,267,319,416,464,683,320,228,309,446,303,354,834,474
"유럽","유럽연합+영국","소계",가전·전자·통신기기,가전·전자,계,,,,,226,248,275,305,189,187,229,315,405,254,274,832,437
"유럽","유럽연합+영국","소계",가전·전자·통신기기,가전·전자,면세점,,,,,0,0,0,3,0,5,9,9,4,11,13,16,14
"유럽","유럽연합+영국","소계",가전·전자·통신기기,가전·전자,면세점 이외,,,,,226,248,275,302,189,182,220,306,401,243,261,816,423
"유럽","유럽연합+영국","소계",가전·전자·통신기기,통신기기,계,,,,,47,71,141,162,493,138,8,4,44,60,93,18,51
"유럽","유럽연합+영국","소계",가전·전자·통신기기,통신기기,면세점,,,,,6,0,0,0,0,0,0,2,0,0,0,0,0
"유럽","유럽연합+영국","소계",가전·전자·통신기기,통신기기,면세점 이외,,,,,41,71,141,162,493,138,8,2,44,60,93,18,51
"유럽","유럽연합+영국","소계",소프트웨어,소계,계,0,0,0,0,7,0,0,0,0,0,0,0,4,0,15,54,72
"유럽","유럽연합+영국","소계",소프트웨어,소계,면세점,0,0,0,0,0,0,0,0,0,0,0,0,0,0,0,0,0
"유럽","유럽연합+영국","소계",소프트웨어,소계,면세점 이외,0,0,0,0,7,0,0,0,0,0,0,0,4,0,15,54,72
"유럽","유럽연합+영국","소계",서 적,소계,계,207,344,241,142,198,171,283,266,168,123,134,245,207,91,199,324,264
"유럽","유럽연합+영국","소계",서 적,소계,면세점,0,0,0,0,0,0,0,0,0,0,0,0,0,0,0,0,0
"유럽","유럽연합+영국","소계",서 적,소계,면세점 이외,207,344,241,142,198,171,283,266,168,123,134,245,207,91,199,324,264
"유럽","유럽연합+영국","소계",사무·문구,소계,계,26,10,9,25,2559,2101,2916,3268,2122,2120,2428,2952,3185,2375,2952,3687,5107
"유럽","유럽연합+영국","소계",사무·문구,소계,면세점,0,0,0,0,0,0,0,0,0,0,0,0,0,0,0,0,0
"유럽","유럽연합+영국","소계",사무·문구,소계,면세점 이외,26,10,9,25,2559,2101,2916,3268,2122,2120,2428,2952,3185,2375,2952,3687,5107
"유럽","유럽연합+영국","소계",음반·비디오·악기,소계,계,1113,2144,1253,1018,3214,6762,11931,4084,1708,3266,1942,2602,2709,3859,2932,3455,6926
"유럽","유럽연합+영국","소계",음반·비디오·악기,소계,면세점,0,0,0,0,0,0,0,0,0,0,0,0,0,0,0,0,0
"유럽","유럽연합+영국","소계",음반·비디오·악기,소계,면세점 이외,1113,2144,1253,1018,3214,6762,11931,4084,1708,3266,1942,2602,2709,3859,2932,3455,6926
"유럽","유럽연합+영국","소계",의류 및 패션 관련 상품,소계,계,1057,1231,1122,1032,657,847,695,734,1160,1249,798,813,1056,1500,1516,2531,3033
"유럽","유럽연합+영국","소계",의류 및 패션 관련 상품,소계,면세점,20,2,8,7,4,2,10,9,4,10,15,26,13,27,26,26,18
"유럽","유럽연합+영국","소계",의류 및 패션 관련 상품,소계,면세점 이외,1037,1229,1114,1025,653,845,685,725,1156,1239,783,787,1043,1473,1490,2505,3015
"유럽","유럽연합+영국","소계",스포츠·레저용품,소계,계,305,18,20,300,301,25,13,12,30,153,19,144,40,65,243,159,285
"유럽","유럽연합+영국","소계",스포츠·레저용품,소계,면세점,0,0,0,0,0,0,0,0,0,0,0,0,0,0,0,0,0
"유럽","유럽연합+영국","소계",스포츠·레저용품,소계,면세점 이외,305,18,20,300,301,25,13,12,30,153,19,144,40,65,243,159,285
"유럽","유럽연합+영국","소계",화장품,소계,계,222,397,288,311,1877,2236,6975,2565,9444,10433,13103,15323,15838,13102,15602,26161,26420
"유럽","유럽연합+영국","소계",화장품,소계,면세점,4,2,10,11,12,10,14,34,25,44,53,77,67,122,116,152,86
"유럽","유럽연합+영국","소계",화장품,소계,면세점 이외,218,395,278,300,1865,2226,6961,2531,9419,10389,13050,15246,15771,12980,15486,26009,26334
"유럽","유럽연합+영국","소계",아동·유아용품,소계,계,46,25,17,53,77,18,23,11,11,84,13,57,52,34,91,242,136
"유럽","유럽연합+영국","소계",아동·유아용품,소계,면세점,0,0,0,0,0,0,0,0,0,0,0,0,0,0,0,0,0
"유럽","유럽연합+영국","소계",아동·유아용품,소계,면세점 이외,46,25,17,53,77,18,23,11,11,84,13,57,52,34,91,242,136
"유럽","유럽연합+영국","소계",음·식료품,소계,계,9,18,11,19,42,28,15,29,99,61,123,116,296,380,439,584,602
"유럽","유럽연합+영국","소계",음·식료품,소계,면세점,0,1,1,4,4,2,5,6,7,8,9,17,9,19,25,27,25
"유럽","유럽연합+영국","소계",음·식료품,소계,면세점 이외,9,17,10,15,38,26,10,23,92,53,114,99,287,361,414,557,577
"유럽","유럽연합+영국","소계",농축수산물,소계,계,0,0,0,0,0,0,0,0,0,0,0,0,0,0,0,0,0
"유럽","유럽연합+영국","소계",농축수산물,소계,면세점,0,0,0,0,0,0,0,0,0,0,0,0,0,0,0,0,0
"유럽","유럽연합+영국","소계",농축수산물,소계,면세점 이외,0,0,0,0,0,0,0,0,0,0,0,0,0,0,0,0,0
"유럽","유럽연합+영국","소계",생활·자동차용품,소계,계,23,15,29,21,11,18,101,48,68,167,299,213,237,349,350,379,442
"유럽","유럽연합+영국","소계",생활·자동차용품,소계,면세점,0,0,0,0,0,0,0,0,0,0,0,0,0,0,0,0,0
"유럽","유럽연합+영국","소계",생활·자동차용품,소계,면세점 이외,23,15,29,21,11,18,101,48,68,167,299,213,237,349,350,379,442
"유럽","유럽연합+영국","소계",기 타,소계,계,374,80,268,179,520,876,988,1675,535,786,704,968,1168,1192,1200,1821,4882
"유럽","유럽연합+영국","소계",기 타,소계,면세점,0,0,0,0,0,0,0,0,0,0,0,0,0,0,0,0,0
"유럽","유럽연합+영국","소계",기 타,소계,면세점 이외,374,80,268,179,520,876,988,1675,535,786,704,968,1168,1192,1200,1821,4882
"유럽","유럽연합+영국","유럽연합",합계,소계,계,,,,,9628,12619,21951,14737,13135,16396,15995,20227,19281,19590,20700,31983,36669
"유럽","유럽연합+영국","유럽연합",합계,소계,면세점,,,,,26,14,27,45,34,65,82,123,92,176,180,214,138
"유럽","유럽연합+영국","유럽연합",합계,소계,면세점 이외,,,,,9602,12605,21924,14692,13101,16331,15913,20104,19189,19414,20520,31769,36531
"유럽","유럽연합+영국","유럽연합",컴퓨터 및 주변기기,소계,계,,,,,3431,2887,4414,5731,3439,5568,5123,6286,5215,5954,5562,7739,4112
"유럽","유럽연합+영국","유럽연합",컴퓨터 및 주변기기,소계,면세점,,,,,0,0,0,0,0,0,0,0,0,0,0,0,0
"유럽","유럽연합+영국","유럽연합",컴퓨터 및 주변기기,소계,면세점 이외,,,,,3431,2887,4414,5731,3439,5568,5123,6286,5215,5954,5562,7739,4112
"유럽","유럽연합+영국","유럽연합",가전·전자·통신기기,소계,계,,,,,237,207,364,391,644,268,205,228,391,231,308,698,419
"유럽","유럽연합+영국","유럽연합",가전·전자·통신기기,소계,면세점,,,,,6,0,0,3,0,4,9,9,4,11,13,16,13
"유럽","유럽연합+영국","유럽연합",가전·전자·통신기기,소계,면세점 이외,,,,,231,207,364,388,645,264,196,220,388,220,295,682,406
"유럽","유럽연합+영국","유럽연합",가전·전자·통신기기,가전·전자,계,,,,,196,141,223,229,151,130,200,226,347,171,215,685,368
"유럽","유럽연합+영국","유럽연합",가전·전자·통신기기,가전·전자,면세점,,,,,0,0,0,3,0,4,9,9,4,11,13,16,13
"유럽","유럽연합+영국","유럽연합",가전·전자·통신기기,가전·전자,면세점 이외,,,,,196,141,223,226,151,126,191,217,343,160,202,669,355
"유럽","유럽연합+영국","유럽연합",가전·전자·통신기기,통신기기,계,,,,,41,66,141,162,493,138,5,2,44,60,93,13,51
"유럽","유럽연합+영국","유럽연합",가전·전자·통신기기,통신기기,면세점,,,,,6,0,0,0,0,0,0,0,0,0,0,0,0
"유럽","유럽연합+영국","유럽연합",가전·전자·통신기기,통신기기,면세점 이외,,,,,35,66,141,162,493,138,5,2,44,60,93,13,51
"유럽","유럽연합+영국","유럽연합",소프트웨어,소계,계,,,,,5,0,0,0,0,0,0,0,4,0,14,51,64
"유럽","유럽연합+영국","유럽연합",소프트웨어,소계,면세점,,,,,0,0,0,0,0,0,0,0,0,0,0,0,0
"유럽","유럽연합+영국","유럽연합",소프트웨어,소계,면세점 이외,,,,,5,0,0,0,0,0,0,0,4,0,14,51,64
"유럽","유럽연합+영국","유럽연합",서 적,소계,계,,,,,157,137,245,232,136,98,104,196,160,70,157,275,225
"유럽","유럽연합+영국","유럽연합",서 적,소계,면세점,,,,,0,0,0,0,0,0,0,0,0,0,0,0,0
"유럽","유럽연합+영국","유럽연합",서 적,소계,면세점 이외,,,,,157,137,245,232,136,98,104,196,160,70,157,275,225
"유럽","유럽연합+영국","유럽연합",사무·문구,소계,계,,,,,1798,1514,2189,2571,1604,1590,1752,2253,2284,1776,2115,2658,3604
"유럽","유럽연합+영국","유럽연합",사무·문구,소계,면세점,,,,,0,0,0,0,0,0,0,0,0,0,0,0,0
"유럽","유럽연합+영국","유럽연합",사무·문구,소계,면세점 이외,,,,,1798,1514,2189,2571,1604,1590,1752,2253,2284,1776,2115,2658,3604
"유럽","유럽연합+영국","유럽연합",음반·비디오·악기,소계,계,,,,,2255,5810,11230,3172,1269,2462,1478,1950,2065,2915,2164,2545,5543
"유럽","유럽연합+영국","유럽연합",음반·비디오·악기,소계,면세점,,,,,0,0,0,0,0,0,0,0,0,0,0,0,0
"유럽","유럽연합+영국","유럽연합",음반·비디오·악기,소계,면세점 이외,,,,,2255,5810,11230,3172,1269,2462,1478,1950,2065,2915,2164,2545,5543
"유럽","유럽연합+영국","유럽연합",의류 및 패션 관련 상품,소계,계,,,,,425,529,530,463,791,761,494,485,640,998,1157,2002,2349
"유럽","유럽연합+영국","유럽연합",의류 및 패션 관련 상품,소계,면세점,,,,,4,2,10,6,4,10,14,26,13,27,26,26,18
"유럽","유럽연합+영국","유럽연합",의류 및 패션 관련 상품,소계,면세점 이외,,,,,421,527,520,457,787,751,480,459,627,971,1131,1976,2331
"유럽","유럽연합+영국","유럽연합",스포츠·레저용품,소계,계,,,,,299,19,8,10,17,99,10,100,36,54,155,139,228
"유럽","유럽연합+영국","유럽연합",스포츠·레저용품,소계,면세점,,,,,0,0,0,0,0,0,0,0,0,0,0,0,0
"유럽","유럽연합+영국","유럽연합",스포츠·레저용품,소계,면세점 이외,,,,,299,19,8,10,17,99,10,100,36,54,155,139,228
"유럽","유럽연합+영국","유럽연합",화장품,소계,계,,,,,567,829,2228,790,4689,4748,5912,7696,7349,6187,7609,13639,15522
"유럽","유럽연합+영국","유럽연합",화장품,소계,면세점,,,,,12,10,14,31,25,44,51,77,66,120,116,151,85
"유럽","유럽연합+영국","유럽연합",화장품,소계,면세점 이외,,,,,555,819,2214,759,4664,4704,5861,7619,7283,6067,7493,13488,15437
"유럽","유럽연합+영국","유럽연합",아동·유아용품,소계,계,,,,,61,13,16,8,8,57,9,40,39,28,72,191,106
"유럽","유럽연합+영국","유럽연합",아동·유아용품,소계,면세점,,,,,0,0,0,0,0,0,0,0,0,0,0,0,0
"유럽","유럽연합+영국","유럽연합",아동·유아용품,소계,면세점 이외,,,,,61,13,16,8,8,57,9,40,39,28,72,191,106
"유럽","유럽연합+영국","유럽연합",음·식료품,소계,계,,,,,15,10,9,12,78,47,116,105,100,177,210,277,312
"유럽","유럽연합+영국","유럽연합",음·식료품,소계,면세점,,,,,4,2,3,5,5,7,8,11,9,18,25,21,22
"유럽","유럽연합+영국","유럽연합",음·식료품,소계,면세점 이외,,,,,11,8,6,7,73,40,108,94,91,159,185,256,290
"유럽","유럽연합+영국","유럽연합",농축수산물,소계,계,,,,,0,0,0,0,0,0,0,0,0,0,0,0,0
"유럽","유럽연합+영국","유럽연합",농축수산물,소계,면세점,,,,,0,0,0,0,0,0,0,0,0,0,0,0,0
"유럽","유럽연합+영국","유럽연합",농축수산물,소계,면세점 이외,,,,,0,0,0,0,0,0,0,0,0,0,0,0,0
"유럽","유럽연합+영국","유럽연합",생활·자동차용품,소계,계,,,,,6,10,62,25,55,121,251,115,158,238,234,273,324
"유럽","유럽연합+영국","유럽연합",생활·자동차용품,소계,면세점,,,,,0,0,0,0,0,0,0,0,0,0,0,0,0
"유럽","유럽연합+영국","유럽연합",생활·자동차용품,소계,면세점 이외,,,,,6,10,62,25,55,121,251,115,158,238,234,273,324
"유럽","유럽연합+영국","유럽연합",기 타,소계,계,,,,,372,654,656,1332,405,577,541,773,840,962,943,1496,3861
"유럽","유럽연합+영국","유럽연합",기 타,소계,면세점,,,,,0,0,0,0,0,0,0,0,0,0,0,0,0
"유럽","유럽연합+영국","유럽연합",기 타,소계,면세점 이외,,,,,372,654,656,1332,405,577,541,773,840,962,943,1496,3861
"유럽","유럽연합+영국","영국",합계,소계,계,,,,,3906,4142,7688,5358,7087,9027,10310,11927,12516,10887,12200,18605,19870
"유럽","유럽연합+영국","영국",합계,소계,면세점,,,,,0,0,2,7,2,2,4,8,1,3,0,7,5
"유럽","유럽연합+영국","영국",합계,소계,면세점 이외,,,,,3906,4142,7686,5351,7085,9025,10306,11919,12515,10884,12200,18598,19865
"유럽","유럽연합+영국","영국",컴퓨터 및 주변기기,소계,계,,,,,367,473,869,1205,756,1088,1382,2116,1341,1262,1432,2602,3770
"유럽","유럽연합+영국","영국",컴퓨터 및 주변기기,소계,면세점,,,,,0,0,0,0,0,0,0,0,0,0,0,0,0
"유럽","유럽연합+영국","영국",컴퓨터 및 주변기기,소계,면세점 이외,,,,,367,473,869,1205,756,1088,1382,2116,1341,1262,1432,2602,3770
"유럽","유럽연합+영국","영국",가전·전자·통신기기,소계,계,,,,,36,112,52,76,38,57,32,91,58,83,59,152,69
"유럽","유럽연합+영국","영국",가전·전자·통신기기,소계,면세점,,,,,0,0,0,0,0,1,0,2,0,0,0,0,1
"유럽","유럽연합+영국","영국",가전·전자·통신기기,소계,면세점 이외,,,,,36,112,52,76,38,56,32,89,58,83,59,152,68
"유럽","유럽연합+영국","영국",가전·전자·통신기기,가전·전자,계,,,,,30,107,52,76,38,57,29,89,58,83,59,147,69
"유럽","유럽연합+영국","영국",가전·전자·통신기기,가전·전자,면세점,,,,,0,0,0,0,0,1,0,0,0,0,0,0,1
"유럽","유럽연합+영국","영국",가전·전자·통신기기,가전·전자,면세점 이외,,,,,30,107,52,76,38,56,29,89,58,83,59,147,68
"유럽","유럽연합+영국","영국",가전·전자·통신기기,통신기기,계,,,,,6,5,0,0,0,0,3,2,0,0,0,5,0
"유럽","유럽연합+영국","영국",가전·전자·통신기기,통신기기,면세점,,,,,0,0,0,0,0,0,0,2,0,0,0,0,0
"유럽","유럽연합+영국","영국",가전·전자·통신기기,통신기기,면세점 이외,,,,,6,5,0,0,0,0,3,0,0,0,0,5,0
"유럽","유럽연합+영국","영국",소프트웨어,소계,계,,,,,2,0,0,0,0,0,0,0,0,0,1,3,8
"유럽","유럽연합+영국","영국",소프트웨어,소계,면세점,,,,,0,0,0,0,0,0,0,0,0,0,0,0,0
"유럽","유럽연합+영국","영국",소프트웨어,소계,면세점 이외,,,,,2,0,0,0,0,0,0,0,0,0,1,3,8
"유럽","유럽연합+영국","영국",서 적,소계,계,,,,,41,34,38,34,32,25,30,49,47,21,42,49,39
"유럽","유럽연합+영국","영국",서 적,소계,면세점,,,,,0,0,0,0,0,0,0,0,0,0,0,0,0
"유럽","유럽연합+영국","영국",서 적,소계,면세점 이외,,,,,41,34,38,34,32,25,30,49,47,21,42,49,39
"유럽","유럽연합+영국","영국",사무·문구,소계,계,,,,,761,587,727,697,518,530,676,699,901,599,837,1029,1503
"유럽","유럽연합+영국","영국",사무·문구,소계,면세점,,,,,0,0,0,0,0,0,0,0,0,0,0,0,0
"유럽","유럽연합+영국","영국",사무·문구,소계,면세점 이외,,,,,761,587,727,697,518,530,676,699,901,599,837,1029,1503
"유럽","유럽연합+영국","영국",음반·비디오·악기,소계,계,,,,,959,952,701,912,439,804,464,652,644,944,768,910,1383
"유럽","유럽연합+영국","영국",음반·비디오·악기,소계,면세점,,,,,0,0,0,0,0,0,0,0,0,0,0,0,0
"유럽","유럽연합+영국","영국",음반·비디오·악기,소계,면세점 이외,,,,,959,952,701,912,439,804,464,652,644,944,768,910,1383
"유럽","유럽연합+영국","영국",의류 및 패션 관련 상품,소계,계,,,,,232,318,165,271,369,488,304,328,416,502,359,529,684
"유럽","유럽연합+영국","영국",의류 및 패션 관련 상품,소계,면세점,,,,,0,0,0,3,0,0,1,0,0,0,0,0,0
"유럽","유럽연합+영국","영국",의류 및 패션 관련 상품,소계,면세점 이외,,,,,232,318,165,268,369,488,303,328,416,502,359,529,684
"유럽","유럽연합+영국","영국",스포츠·레저용품,소계,계,,,,,2,6,5,2,13,54,9,44,4,11,88,20,57
"유럽","유럽연합+영국","영국",스포츠·레저용품,소계,면세점,,,,,0,0,0,0,0,0,0,0,0,0,0,0,0
"유럽","유럽연합+영국","영국",스포츠·레저용품,소계,면세점 이외,,,,,2,6,5,2,13,54,9,44,4,11,88,20,57
"유럽","유럽연합+영국","영국",화장품,소계,계,,,,,1310,1407,4747,1775,4755,5685,7191,7627,8489,6915,7993,12522,10898
"유럽","유럽연합+영국","영국",화장품,소계,면세점,,,,,0,0,0,3,0,0,2,0,1,2,0,1,1
"유럽","유럽연합+영국","영국",화장품,소계,면세점 이외,,,,,1310,1407,4747,1772,4755,5685,7189,7627,8488,6913,7993,12521,10897
"유럽","유럽연합+영국","영국",아동·유아용품,소계,계,,,,,16,5,7,3,3,27,4,17,13,6,19,51,30
"유럽","유럽연합+영국","영국",아동·유아용품,소계,면세점,,,,,0,0,0,0,0,0,0,0,0,0,0,0,0
"유럽","유럽연합+영국","영국",아동·유아용품,소계,면세점 이외,,,,,16,5,7,3,3,27,4,17,13,6,19,51,30
"유럽","유럽연합+영국","영국",음·식료품,소계,계,,,,,27,18,6,17,21,14,7,11,196,203,229,307,290
"유럽","유럽연합+영국","영국",음·식료품,소계,면세점,,,,,0,0,2,1,2,1,1,6,0,1,0,6,3
"유럽","유럽연합+영국","영국",음·식료품,소계,면세점 이외,,,,,27,18,4,16,19,13,6,5,196,202,229,301,287
"유럽","유럽연합+영국","영국",농축수산물,소계,계,,,,,0,0,0,0,0,0,0,0,0,0,0,0,0
"유럽","유럽연합+영국","영국",농축수산물,소계,면세점,,,,,0,0,0,0,0,0,0,0,0,0,0,0,0
"유럽","유럽연합+영국","영국",농축수산물,소계,면세점 이외,,,,,0,0,0,0,0,0,0,0,0,0,0,0,0
"유럽","유럽연합+영국","영국",생활·자동차용품,소계,계,,,,,5,8,39,23,13,46,48,98,79,111,116,106,118
"유럽","유럽연합+영국","영국",생활·자동차용품,소계,면세점,,,,,0,0,0,0,0,0,0,0,0,0,0,0,0
"유럽","유럽연합+영국","영국",생활·자동차용품,소계,면세점 이외,,,,,5,8,39,23,13,46,48,98,79,111,116,106,118
"유럽","유럽연합+영국","영국",기 타,소계,계,,,,,148,222,332,343,130,209,163,195,328,230,257,325,1021
"유럽","유럽연합+영국","영국",기 타,소계,면세점,,,,,0,0,0,0,0,0,0,0,0,0,0,0,0
"유럽","유럽연합+영국","영국",기 타,소계,면세점 이외,,,,,148,222,332,343,130,209,163,195,328,230,257,325,1021
"유럽","기타 유럽","소계",합계,소계,계,,,,,2606,2329,2207,3087,1028,1995,1484,1931,3050,4182,3919,5047,5534
"유럽","기타 유럽","소계",합계,소계,면세점,,,,,62,202,131,4,5,5,15,8,5,19,14,17,14
"유럽","기타 유럽","소계",합계,소계,면세점 이외,,,,,2544,2127,2076,3083,1023,1990,1469,1923,3045,4163,3905,5030,5520
"유럽","기타 유럽","소계",컴퓨터 및 주변기기,소계,계,,,,,26,53,21,46,36,267,40,48,36,42,45,14,25
"유럽","기타 유럽","소계",컴퓨터 및 주변기기,소계,면세점,,,,,0,0,0,0,0,0,0,0,0,0,0,0,0
"유럽","기타 유럽","소계",컴퓨터 및 주변기기,소계,면세점 이외,,,,,26,53,21,46,36,267,40,48,36,42,45,14,25
"유럽","기타 유럽","소계",가전·전자·통신기기,소계,계,,,,,4,5,11,10,2,2,7,13,14,10,14,20,18
"유럽","기타 유럽","소계",가전·전자·통신기기,소계,면세점,,,,,0,1,6,0,0,0,1,1,0,3,2,2,0
"유럽","기타 유럽","소계",가전·전자·통신기기,소계,면세점 이외,,,,,4,4,5,10,2,2,6,12,14,7,12,18,18
"유럽","기타 유럽","소계",가전·전자·통신기기,가전·전자,계,,,,,4,5,11,10,2,2,7,13,14,10,14,20,18
"유럽","기타 유럽","소계",가전·전자·통신기기,가전·전자,면세점,,,,,0,1,6,0,0,0,1,1,0,3,2,2,0
"유럽","기타 유럽","소계",가전·전자·통신기기,가전·전자,면세점 이외,,,,,4,4,5,10,2,2,6,12,14,7,12,18,18
"유럽","기타 유럽","소계",가전·전자·통신기기,통신기기,계,,,,,0,0,0,0,0,0,0,0,0,0,0,0,0
"유럽","기타 유럽","소계",가전·전자·통신기기,통신기기,면세점,,,,,0,0,0,0,0,0,0,0,0,0,0,0,0
"유럽","기타 유럽","소계",가전·전자·통신기기,통신기기,면세점 이외,,,,,0,0,0,0,0,0,0,0,0,0,0,0,0
"유럽","기타 유럽","소계",소프트웨어,소계,계,,,,,0,0,0,0,0,0,0,0,0,0,0,0,0
"유럽","기타 유럽","소계",소프트웨어,소계,면세점,,,,,0,0,0,0,0,0,0,0,0,0,0,0,0
"유럽","기타 유럽","소계",소프트웨어,소계,면세점 이외,,,,,0,0,0,0,0,0,0,0,0,0,0,0,0
"유럽","기타 유럽","소계",서 적,소계,계,,,,,15,11,21,63,9,29,21,29,24,13,25,168,93
"유럽","기타 유럽","소계",서 적,소계,면세점,,,,,0,0,0,0,0,0,0,0,0,0,0,0,0
"유럽","기타 유럽","소계",서 적,소계,면세점 이외,,,,,15,11,21,63,9,29,21,29,24,13,25,168,93
"유럽","기타 유럽","소계",사무·문구,소계,계,,,,,0,1,0,0,2,26,0,1,2,1,2,1,1
"유럽","기타 유럽","소계",사무·문구,소계,면세점,,,,,0,0,0,0,0,0,0,0,0,0,0,0,0
"유럽","기타 유럽","소계",사무·문구,소계,면세점 이외,,,,,0,1,0,0,2,26,0,1,2,1,2,1,1
"유럽","기타 유럽","소계",음반·비디오·악기,소계,계,,,,,576,576,589,892,361,1080,791,1003,1277,1438,1318,1054,1709
"유럽","기타 유럽","소계",음반·비디오·악기,소계,면세점,,,,,0,0,0,0,0,0,0,0,0,0,0,0,0
"유럽","기타 유럽","소계",음반·비디오·악기,소계,면세점 이외,,,,,576,576,589,892,361,1080,791,1003,1277,1438,1318,1054,1709
"유럽","기타 유럽","소계",의류 및 패션 관련 상품,소계,계,,,,,110,253,194,45,41,43,65,77,224,342,159,171,286
"유럽","기타 유럽","소계",의류 및 패션 관련 상품,소계,면세점,,,,,21,34,36,0,1,2,2,1,0,5,2,1,2
"유럽","기타 유럽","소계",의류 및 패션 관련 상품,소계,면세점 이외,,,,,89,219,158,45,40,41,63,76,224,337,157,170,284
"유럽","기타 유럽","소계",스포츠·레저용품,소계,계,,,,,121,2,2,1,4,11,6,5,10,4,18,12,19
"유럽","기타 유럽","소계",스포츠·레저용품,소계,면세점,,,,,0,0,0,0,0,0,0,0,0,0,0,0,0
"유럽","기타 유럽","소계",스포츠·레저용품,소계,면세점 이외,,,,,121,2,2,1,4,11,6,5,10,4,18,12,19
"유럽","기타 유럽","소계",화장품,소계,계,,,,,1668,1254,1206,1771,391,375,368,526,1236,2066,2160,3373,2867
"유럽","기타 유럽","소계",화장품,소계,면세점,,,,,37,157,78,4,3,3,12,5,5,9,10,10,10
"유럽","기타 유럽","소계",화장품,소계,면세점 이외,,,,,1631,1097,1128,1767,388,372,356,521,1231,2057,2150,3363,2857
"유럽","기타 유럽","소계",아동·유아용품,소계,계,,,,,3,1,1,0,0,4,1,1,13,17,14,14,13
"유럽","기타 유럽","소계",아동·유아용품,소계,면세점,,,,,0,0,0,0,0,0,0,0,0,0,0,0,0
"유럽","기타 유럽","소계",아동·유아용품,소계,면세점 이외,,,,,3,1,1,0,0,4,1,1,13,17,14,14,13
"유럽","기타 유럽","소계",음·식료품,소계,계,,,,,4,10,11,0,3,3,3,6,22,29,19,23,21
"유럽","기타 유럽","소계",음·식료품,소계,면세점,,,,,4,10,11,0,1,0,0,1,0,2,0,4,2
"유럽","기타 유럽","소계",음·식료품,소계,면세점 이외,,,,,0,0,0,0,2,3,3,5,22,27,19,19,19
"유럽","기타 유럽","소계",농축수산물,소계,계,,,,,0,0,0,0,0,0,0,0,0,0,0,0,0
"유럽","기타 유럽","소계",농축수산물,소계,면세점,,,,,0,0,0,0,0,0,0,0,0,0,0,0,0
"유럽","기타 유럽","소계",농축수산물,소계,면세점 이외,,,,,0,0,0,0,0,0,0,0,0,0,0,0,0
"유럽","기타 유럽","소계",생활·자동차용품,소계,계,,,,,1,7,7,5,71,18,53,60,79,75,27,26,17
"유럽","기타 유럽","소계",생활·자동차용품,소계,면세점,,,,,0,0,0,0,0,0,0,0,0,0,0,0,0
"유럽","기타 유럽","소계",생활·자동차용품,소계,면세점 이외,,,,,1,7,7,5,71,18,53,60,79,75,27,26,17
"유럽","기타 유럽","소계",기 타,소계,계,,,,,78,156,144,254,108,137,129,162,113,145,118,171,465
"유럽","기타 유럽","소계",기 타,소계,면세점,,,,,0,0,0,0,0,0,0,0,0,0,0,0,0
"유럽","기타 유럽","소계",기 타,소계,면세점 이외,,,,,78,156,144,254,108,137,129,162,113,145,118,171,465
"대양주","소계","소계",합계,소계,계,2242,2033,2096,1823,3034,3316,3207,3440,2029,3596,2953,3897,4851,6535,7609,10066,9259
"대양주","소계","소계",합계,소계,면세점,0,6,2,14,15,11,12,16,17,21,75,23,14,31,20,40,27
"대양주","소계","소계",합계,소계,면세점 이외,2242,2027,2094,1809,3019,3305,3195,3424,2012,3575,2878,3874,4837,6504,7589,10026,9232
"대양주","소계","소계",컴퓨터 및 주변기기,소계,계,11,14,62,50,55,34,34,22,79,37,38,54,43,62,85,48,42
"대양주","소계","소계",컴퓨터 및 주변기기,소계,면세점,0,0,0,0,0,0,0,0,0,0,0,0,0,0,0,0,0
"대양주","소계","소계",컴퓨터 및 주변기기,소계,면세점 이외,11,14,62,50,55,34,34,22,79,37,38,54,43,62,85,48,42
"대양주","소계","소계",가전·전자·통신기기,소계,계,31,29,22,19,76,57,58,47,20,34,22,49,34,27,24,44,43
"대양주","소계","소계",가전·전자·통신기기,소계,면세점,0,0,0,1,0,0,0,1,2,1,1,0,0,0,1,1,1
"대양주","소계","소계",가전·전자·통신기기,소계,면세점 이외,31,29,22,18,76,57,58,46,18,33,21,49,34,27,23,43,42
"대양주","소계","소계",가전·전자·통신기기,가전·전자,계,,,,,70,57,55,47,19,34,22,44,34,26,22,38,41
"대양주","소계","소계",가전·전자·통신기기,가전·전자,면세점,,,,,0,0,0,1,1,1,1,0,0,0,1,1,1
"대양주","소계","소계",가전·전자·통신기기,가전·전자,면세점 이외,,,,,70,57,55,46,18,33,21,44,34,26,21,37,40
"대양주","소계","소계",가전·전자·통신기기,통신기기,계,,,,,6,0,3,0,1,0,0,5,0,1,2,6,2
"대양주","소계","소계",가전·전자·통신기기,통신기기,면세점,,,,,0,0,0,0,1,0,0,0,0,0,0,0,0
"대양주","소계","소계",가전·전자·통신기기,통신기기,면세점 이외,,,,,6,0,3,0,0,0,0,5,0,1,2,6,2
"대양주","소계","소계",소프트웨어,소계,계,0,0,0,0,9,0,0,0,0,0,0,0,0,0,0,0,2
"대양주","소계","소계",소프트웨어,소계,면세점,0,0,0,0,0,0,0,0,0,0,0,0,0,0,0,0,0
"대양주","소계","소계",소프트웨어,소계,면세점 이외,0,0,0,0,9,0,0,0,0,0,0,0,0,0,0,0,2
"대양주","소계","소계",서 적,소계,계,97,110,93,80,155,174,180,195,94,104,100,107,143,73,102,99,92
"대양주","소계","소계",서 적,소계,면세점,0,0,0,0,0,0,0,0,0,0,0,0,0,0,0,0,0
"대양주","소계","소계",서 적,소계,면세점 이외,97,110,93,80,155,174,180,195,94,104,100,107,143,73,102,99,92
"대양주","소계","소계",사무·문구,소계,계,15,23,11,9,46,34,29,39,34,30,33,58,41,22,35,35,36
"대양주","소계","소계",사무·문구,소계,면세점,0,0,0,0,0,0,0,0,0,0,0,0,0,0,0,0,0
"대양주","소계","소계",사무·문구,소계,면세점 이외,15,23,11,9,46,34,29,39,34,30,33,58,41,22,35,35,36
"대양주","소계","소계",음반·비디오·악기,소계,계,222,383,249,153,787,1040,910,1066,465,915,558,707,525,874,660,768,1244
"대양주","소계","소계",음반·비디오·악기,소계,면세점,0,0,0,0,0,0,0,0,0,0,0,0,0,0,0,0,0
"대양주","소계","소계",음반·비디오·악기,소계,면세점 이외,222,383,249,153,787,1040,910,1066,465,915,558,707,525,874,660,768,1244
"대양주","소계","소계",의류 및 패션 관련 상품,소계,계,1126,1264,1364,1142,981,1076,1074,974,682,1073,419,394,316,411,444,489,450
"대양주","소계","소계",의류 및 패션 관련 상품,소계,면세점,0,0,0,5,4,2,1,3,3,1,0,0,1,3,0,3,1
"대양주","소계","소계",의류 및 패션 관련 상품,소계,면세점 이외,1126,1264,1364,1137,977,1074,1073,971,679,1072,419,394,315,408,444,486,449
"대양주","소계","소계",스포츠·레저용품,소계,계,203,12,13,202,246,59,50,35,24,3,4,25,11,25,31,16,13
"대양주","소계","소계",스포츠·레저용품,소계,면세점,0,0,0,0,0,0,0,0,0,0,0,0,0,0,0,0,0
"대양주","소계","소계",스포츠·레저용품,소계,면세점 이외,203,12,13,202,246,59,50,35,24,3,4,25,11,25,31,16,13
"대양주","소계","소계",화장품,소계,계,117,84,69,54,225,266,336,503,376,1092,1410,2065,3148,4337,5291,7529,5882
"대양주","소계","소계",화장품,소계,면세점,0,1,1,2,5,5,5,4,6,11,64,11,6,13,11,18,13
"대양주","소계","소계",화장품,소계,면세점 이외,117,83,68,52,220,261,331,499,370,1081,1346,2054,3142,4324,5280,7511,5869
"대양주","소계","소계",아동·유아용품,소계,계,36,17,16,12,72,57,47,32,5,21,5,11,12,4,23,35,19
"대양주","소계","소계",아동·유아용품,소계,면세점,0,0,0,0,0,0,0,0,0,0,0,0,0,0,0,0,0
"대양주","소계","소계",아동·유아용품,소계,면세점 이외,36,17,16,12,72,57,47,32,5,21,5,11,12,4,23,35,19
"대양주","소계","소계",음·식료품,소계,계,2,9,10,13,75,81,68,75,20,16,21,27,163,235,461,474,477
"대양주","소계","소계",음·식료품,소계,면세점,0,5,1,6,6,4,6,8,6,8,10,12,7,15,8,18,12
"대양주","소계","소계",음·식료품,소계,면세점 이외,2,4,9,7,69,77,62,67,14,8,11,15,156,220,453,456,465
"대양주","소계","소계",농축수산물,소계,계,0,0,0,0,0,0,0,0,0,0,0,0,0,0,0,0,0
"대양주","소계","소계",농축수산물,소계,면세점,0,0,0,0,0,0,0,0,0,0,0,0,0,0,0,0,0
"대양주","소계","소계",농축수산물,소계,면세점 이외,0,0,0,0,0,0,0,0,0,0,0,0,0,0,0,0,0
"대양주","소계","소계",생활·자동차용품,소계,계,38,24,25,16,96,111,127,82,36,68,54,38,57,102,85,92,110
"대양주","소계","소계",생활·자동차용품,소계,면세점,0,0,0,0,0,0,0,0,0,0,0,0,0,0,0,0,0
"대양주","소계","소계",생활·자동차용품,소계,면세점 이외,38,24,25,16,96,111,127,82,36,68,54,38,57,102,85,92,110
"대양주","소계","소계",기 타,소계,계,342,66,160,73,211,327,294,370,194,203,289,362,358,363,368,437,849
"대양주","소계","소계",기 타,소계,면세점,0,0,0,0,0,0,0,0,0,0,0,0,0,0,0,0,0
"대양주","소계","소계",기 타,소계,면세점 이외,342,66,160,73,211,327,294,370,194,203,289,362,358,363,368,437,849
"중남미","소계","소계",합계,소계,계,782,1977,1217,1053,4589,3837,5029,6368,2725,5024,2902,3973,4338,4981,4626,5623,14114
"중남미","소계","소계",합계,소계,면세점,0,0,0,1,1,0,0,2,1,1,4,1,0,5,3,3,7
"중남미","소계","소계",합계,소계,면세점 이외,782,1977,1217,1052,4588,3837,5029,6366,2724,5023,2898,3972,4338,4976,4623,5620,14107
"중남미","소계","소계",컴퓨터 및 주변기기,소계,계,13,16,21,95,160,57,183,159,110,105,122,317,265,205,160,111,114
"중남미","소계","소계",컴퓨터 및 주변기기,소계,면세점,0,0,0,0,0,0,0,0,0,0,0,0,0,0,0,0,0
"중남미","소계","소계",컴퓨터 및 주변기기,소계,면세점 이외,13,16,21,95,160,57,183,159,110,105,122,317,265,205,160,111,114
"중남미","소계","소계",가전·전자·통신기기,소계,계,17,46,20,39,28,47,22,26,11,17,18,34,35,46,28,33,20
"중남미","소계","소계",가전·전자·통신기기,소계,면세점,0,0,0,0,0,0,0,0,0,0,0,0,0,0,0,0,0
"중남미","소계","소계",가전·전자·통신기기,소계,면세점 이외,17,46,20,39,28,47,22,26,11,17,18,34,36,46,27,33,20
"중남미","소계","소계",가전·전자·통신기기,가전·전자,계,,,,,13,13,17,18,10,15,16,26,25,42,27,31,20
"중남미","소계","소계",가전·전자·통신기기,가전·전자,면세점,,,,,0,0,0,0,0,0,0,0,0,0,0,0,0
"중남미","소계","소계",가전·전자·통신기기,가전·전자,면세점 이외,,,,,13,13,17,18,10,15,16,26,25,42,27,31,20
"중남미","소계","소계",가전·전자·통신기기,통신기기,계,,,,,15,34,5,8,1,2,2,8,10,4,1,2,0
"중남미","소계","소계",가전·전자·통신기기,통신기기,면세점,,,,,0,0,0,0,0,0,0,0,0,0,0,0,0
"중남미","소계","소계",가전·전자·통신기기,통신기기,면세점 이외,,,,,15,34,5,8,1,2,2,8,10,4,1,2,0
"중남미","소계","소계",소프트웨어,소계,계,0,0,0,0,0,0,0,0,0,0,0,0,1,0,0,0,0
"중남미","소계","소계",소프트웨어,소계,면세점,0,0,0,0,0,0,0,0,0,0,0,0,0,0,0,0,0
"중남미","소계","소계",소프트웨어,소계,면세점 이외,0,0,0,0,0,0,0,0,0,0,0,0,1,0,0,0,0
"중남미","소계","소계",서 적,소계,계,85,187,118,35,170,72,117,127,62,60,73,113,82,36,73,136,132
"중남미","소계","소계",서 적,소계,면세점,0,0,0,0,0,0,0,0,0,0,0,0,0,0,0,0,0
"중남미","소계","소계",서 적,소계,면세점 이외,85,187,118,35,170,72,117,127,62,60,73,113,82,36,73,136,132
"중남미","소계","소계",사무·문구,소계,계,4,7,4,7,15,17,27,23,33,30,32,45,70,46,30,30,45
"중남미","소계","소계",사무·문구,소계,면세점,0,0,0,0,0,0,0,0,0,0,0,0,0,0,0,0,0
"중남미","소계","소계",사무·문구,소계,면세점 이외,4,7,4,7,15,17,27,23,33,30,32,45,70,46,30,30,45
"중남미","소계","소계",음반·비디오·악기,소계,계,539,1469,884,745,3437,2751,3616,4113,1591,3614,1706,2149,1600,2761,2027,2170,5511
"중남미","소계","소계",음반·비디오·악기,소계,면세점,0,0,0,0,0,0,0,0,0,0,0,0,0,0,0,0,0
"중남미","소계","소계",음반·비디오·악기,소계,면세점 이외,539,1469,884,745,3437,2751,3616,4113,1591,3614,1706,2149,1600,2761,2027,2170,5511
"중남미","소계","소계",의류 및 패션 관련 상품,소계,계,53,93,30,34,18,28,27,24,26,15,36,30,43,58,29,46,66
"중남미","소계","소계",의류 및 패션 관련 상품,소계,면세점,0,0,0,0,0,0,0,0,1,0,0,0,0,1,0,0,1
"중남미","소계","소계",의류 및 패션 관련 상품,소계,면세점 이외,53,93,30,34,18,28,27,24,25,15,36,30,43,57,29,46,65
"중남미","소계","소계",스포츠·레저용품,소계,계,0,1,1,0,3,9,0,1,9,19,5,16,22,13,23,8,8
"중남미","소계","소계",스포츠·레저용품,소계,면세점,0,0,0,0,0,0,0,0,0,0,0,0,0,0,0,0,0
"중남미","소계","소계",스포츠·레저용품,소계,면세점 이외,0,1,1,0,3,9,0,1,9,19,5,16,22,13,23,8,8
"중남미","소계","소계",화장품,소계,계,44,123,66,31,106,134,116,135,241,246,203,164,803,746,1308,1765,2683
"중남미","소계","소계",화장품,소계,면세점,0,0,0,0,0,0,0,2,0,0,2,1,0,2,2,3,4
"중남미","소계","소계",화장품,소계,면세점 이외,44,123,66,31,106,134,116,133,241,246,201,163,803,744,1306,1762,2679
"중남미","소계","소계",아동·유아용품,소계,계,6,4,4,9,21,20,9,6,17,27,11,35,24,2,15,37,21
"중남미","소계","소계",아동·유아용품,소계,면세점,0,0,0,0,0,0,0,0,0,0,0,0,0,0,0,0,0
"중남미","소계","소계",아동·유아용품,소계,면세점 이외,6,4,4,9,21,20,9,6,17,27,11,35,24,2,15,37,21
"중남미","소계","소계",음·식료품,소계,계,2,0,4,3,2,0,0,1,0,1,5,0,36,34,38,35,39
"중남미","소계","소계",음·식료품,소계,면세점,0,0,0,1,1,0,0,0,0,1,2,0,0,2,1,0,2
"중남미","소계","소계",음·식료품,소계,면세점 이외,2,0,4,2,1,0,0,1,0,0,3,0,36,32,37,35,37
"중남미","소계","소계",농축수산물,소계,계,0,0,0,0,0,0,0,0,0,0,0,0,0,0,0,0,0
"중남미","소계","소계",농축수산물,소계,면세점,0,0,0,0,0,0,0,0,0,0,0,0,0,0,0,0,0
"중남미","소계","소계",농축수산물,소계,면세점 이외,0,0,0,0,0,0,0,0,0,0,0,0,0,0,0,0,0
"중남미","소계","소계",생활·자동차용품,소계,계,9,7,14,13,33,17,13,13,21,46,49,29,25,91,33,40,25
"중남미","소계","소계",생활·자동차용품,소계,면세점,0,0,0,0,0,0,0,0,0,0,0,0,0,0,0,0,0
"중남미","소계","소계",생활·자동차용품,소계,면세점 이외,9,7,14,13,33,17,13,13,21,46,49,29,25,91,33,40,25
"중남미","소계","소계",기 타,소계,계,7,24,53,40,596,685,899,1740,604,844,642,1041,1332,943,862,1212,5450
"중남미","소계","소계",기 타,소계,면세점,0,0,0,0,0,0,0,0,0,0,0,0,0,0,0,0,0
"중남미","소계","소계",기 타,소계,면세점 이외,7,24,53,40,596,685,899,1740,604,844,642,1041,1332,943,862,1212,5450
"아프리카","소계","소계",합계,소계,계,,,,,103,130,98,161,107,208,266,223,250,371,930,1413,1348
"아프리카","소계","소계",합계,소계,면세점,,,,,0,0,0,0,0,0,0,1,0,0,0,0,2
"아프리카","소계","소계",합계,소계,면세점 이외,,,,,103,130,98,161,107,208,266,222,250,371,930,1413,1346
"아프리카","소계","소계",컴퓨터 및 주변기기,소계,계,,,,,24,38,12,8,9,28,12,5,12,7,5,2,9
"아프리카","소계","소계",컴퓨터 및 주변기기,소계,면세점,,,,,0,0,0,0,0,0,0,0,0,0,0,0,0
"아프리카","소계","소계",컴퓨터 및 주변기기,소계,면세점 이외,,,,,24,38,12,8,9,28,12,5,12,7,5,2,9
"아프리카","소계","소계",가전·전자·통신기기,소계,계,,,,,19,20,7,3,11,5,6,1,7,2,9,6,9
"아프리카","소계","소계",가전·전자·통신기기,소계,면세점,,,,,0,0,0,0,0,0,0,1,0,0,0,0,0
"아프리카","소계","소계",가전·전자·통신기기,소계,면세점 이외,,,,,19,20,7,3,11,5,6,0,7,2,9,6,9
"아프리카","소계","소계",가전·전자·통신기기,가전·전자,계,,,,,1,0,1,1,2,1,2,1,1,0,2,1,4
"아프리카","소계","소계",가전·전자·통신기기,가전·전자,면세점,,,,,0,0,0,0,0,0,0,1,0,0,0,0,0
"아프리카","소계","소계",가전·전자·통신기기,가전·전자,면세점 이외,,,,,1,0,1,1,2,1,2,0,1,0,2,1,4
"아프리카","소계","소계",가전·전자·통신기기,통신기기,계,,,,,18,20,6,2,9,4,4,0,6,2,7,5,5
"아프리카","소계","소계",가전·전자·통신기기,통신기기,면세점,,,,,0,0,0,0,0,0,0,0,0,0,0,0,0
"아프리카","소계","소계",가전·전자·통신기기,통신기기,면세점 이외,,,,,18,20,6,2,9,4,4,0,6,2,7,5,5
"아프리카","소계","소계",소프트웨어,소계,계,,,,,0,0,0,0,0,0,0,0,0,0,0,0,0
"아프리카","소계","소계",소프트웨어,소계,면세점,,,,,0,0,0,0,0,0,0,0,0,0,0,0,0
"아프리카","소계","소계",소프트웨어,소계,면세점 이외,,,,,0,0,0,0,0,0,0,0,0,0,0,0,0
"아프리카","소계","소계",서 적,소계,계,,,,,1,0,1,0,0,0,0,0,0,0,0,0,1
"아프리카","소계","소계",서 적,소계,면세점,,,,,0,0,0,0,0,0,0,0,0,0,0,0,0
"아프리카","소계","소계",서 적,소계,면세점 이외,,,,,1,0,1,0,0,0,0,0,0,0,0,0,1
"아프리카","소계","소계",사무·문구,소계,계,,,,,0,0,0,0,0,0,0,0,0,0,0,0,0
"아프리카","소계","소계",사무·문구,소계,면세점,,,,,0,0,0,0,0,0,0,0,0,0,0,0,0
"아프리카","소계","소계",사무·문구,소계,면세점 이외,,,,,0,0,0,0,0,0,0,0,0,0,0,0,0
"아프리카","소계","소계",음반·비디오·악기,소계,계,,,,,41,35,33,49,20,39,38,44,33,75,80,70,146
"아프리카","소계","소계",음반·비디오·악기,소계,면세점,,,,,0,0,0,0,0,0,0,0,0,0,0,0,0
"아프리카","소계","소계",음반·비디오·악기,소계,면세점 이외,,,,,41,35,33,49,20,39,38,44,33,75,80,70,146
"아프리카","소계","소계",의류 및 패션 관련 상품,소계,계,,,,,1,0,0,2,2,1,1,1,2,1,3,2,3
"아프리카","소계","소계",의류 및 패션 관련 상품,소계,면세점,,,,,0,0,0,0,0,0,0,0,0,0,0,0,0
"아프리카","소계","소계",의류 및 패션 관련 상품,소계,면세점 이외,,,,,1,0,0,2,2,1,1,1,2,1,3,2,3
"아프리카","소계","소계",스포츠·레저용품,소계,계,,,,,2,0,1,1,0,0,0,0,1,0,0,0,0
"아프리카","소계","소계",스포츠·레저용품,소계,면세점,,,,,0,0,0,0,0,0,0,0,0,0,0,0,0
"아프리카","소계","소계",스포츠·레저용품,소계,면세점 이외,,,,,2,0,1,1,0,0,0,0,1,0,0,0,0
"아프리카","소계","소계",화장품,소계,계,,,,,10,30,32,81,58,125,196,157,162,253,745,1230,1103
"아프리카","소계","소계",화장품,소계,면세점,,,,,0,0,0,0,0,0,0,0,0,0,0,0,2
"아프리카","소계","소계",화장품,소계,면세점 이외,,,,,10,30,32,81,58,125,196,157,162,253,745,1230,1101
"아프리카","소계","소계",아동·유아용품,소계,계,,,,,0,0,0,0,0,0,0,0,0,0,0,0,0
"아프리카","소계","소계",아동·유아용품,소계,면세점,,,,,0,0,0,0,0,0,0,0,0,0,0,0,0
"아프리카","소계","소계",아동·유아용품,소계,면세점 이외,,,,,0,0,0,0,0,0,0,0,0,0,0,0,0
"아프리카","소계","소계",음·식료품,소계,계,,,,,0,0,0,0,0,0,0,0,0,0,0,0,0
"아프리카","소계","소계",음·식료품,소계,면세점,,,,,0,0,0,0,0,0,0,0,0,0,0,0,0
"아프리카","소계","소계",음·식료품,소계,면세점 이외,,,,,0,0,0,0,0,0,0,0,0,0,0,0,0
"아프리카","소계","소계",농축수산물,소계,계,,,,,0,0,0,0,0,0,0,0,0,0,0,0,0
"아프리카","소계","소계",농축수산물,소계,면세점,,,,,0,0,0,0,0,0,0,0,0,0,0,0,0
"아프리카","소계","소계",농축수산물,소계,면세점 이외,,,,,0,0,0,0,0,0,0,0,0,0,0,0,0
"아프리카","소계","소계",생활·자동차용품,소계,계,,,,,0,0,0,1,1,2,2,0,2,2,3,3,2
"아프리카","소계","소계",생활·자동차용품,소계,면세점,,,,,0,0,0,0,0,0,0,0,0,0,0,0,0
"아프리카","소계","소계",생활·자동차용품,소계,면세점 이외,,,,,0,0,0,1,1,2,2,0,2,2,3,3,2
"아프리카","소계","소계",기 타,소계,계,,,,,5,7,12,16,6,8,11,15,31,31,85,100,75
"아프리카","소계","소계",기 타,소계,면세점,,,,,0,0,0,0,0,0,0,0,0,0,0,0,0
"아프리카","소계","소계",기 타,소계,면세점 이외,,,,,5,7,12,16,6,8,11,15,31,31,85,100,75
"기타","소계","소계",합계,소계,계,12780,10662,3980,3910,,,,,,,,,,,,,
"기타","소계","소계",합계,소계,면세점,1131,3092,105,75,,,,,,,,,,,,,
"기타","소계","소계",합계,소계,면세점 이외,11649,7570,3875,3835,,,,,,,,,,,,,
"기타","소계","소계",컴퓨터 및 주변기기,소계,계,1645,1879,836,230,,,,,,,,,,,,,
"기타","소계","소계",컴퓨터 및 주변기기,소계,면세점,0,0,0,0,,,,,,,,,,,,,
"기타","소계","소계",컴퓨터 및 주변기기,소계,면세점 이외,1645,1879,836,230,,,,,,,,,,,,,
"기타","소계","소계",가전·전자·통신기기,소계,계,117,118,127,127,,,,,,,,,,,,,
"기타","소계","소계",가전·전자·통신기기,소계,면세점,0,0,1,0,,,,,,,,,,,,,
"기타","소계","소계",가전·전자·통신기기,소계,면세점 이외,117,118,126,127,,,,,,,,,,,,,
"기타","소계","소계",가전·전자·통신기기,가전·전자,계,,,,,,,,,,,,,,,,,
"기타","소계","소계",가전·전자·통신기기,가전·전자,면세점,,,,,,,,,,,,,,,,,
"기타","소계","소계",가전·전자·통신기기,가전·전자,면세점 이외,,,,,,,,,,,,,,,,,
"기타","소계","소계",가전·전자·통신기기,통신기기,계,,,,,,,,,,,,,,,,,
"기타","소계","소계",가전·전자·통신기기,통신기기,면세점,,,,,,,,,,,,,,,,,
"기타","소계","소계",가전·전자·통신기기,통신기기,면세점 이외,,,,,,,,,,,,,,,,,
"기타","소계","소계",소프트웨어,소계,계,0,0,0,0,,,,,,,,,,,,,
"기타","소계","소계",소프트웨어,소계,면세점,0,0,0,0,,,,,,,,,,,,,
"기타","소계","소계",소프트웨어,소계,면세점 이외,0,0,0,0,,,,,,,,,,,,,
"기타","소계","소계",서 적,소계,계,634,268,127,95,,,,,,,,,,,,,
"기타","소계","소계",서 적,소계,면세점,0,0,0,0,,,,,,,,,,,,,
"기타","소계","소계",서 적,소계,면세점 이외,634,268,127,95,,,,,,,,,,,,,
"기타","소계","소계",사무·문구,소계,계,48,38,21,26,,,,,,,,,,,,,
"기타","소계","소계",사무·문구,소계,면세점,0,0,0,0,,,,,,,,,,,,,
"기타","소계","소계",사무·문구,소계,면세점 이외,48,38,21,26,,,,,,,,,,,,,
"기타","소계","소계",음반·비디오·악기,소계,계,1603,1191,340,592,,,,,,,,,,,,,
"기타","소계","소계",음반·비디오·악기,소계,면세점,0,0,0,0,,,,,,,,,,,,,
"기타","소계","소계",음반·비디오·악기,소계,면세점 이외,1603,1191,340,592,,,,,,,,,,,,,
"기타","소계","소계",의류 및 패션 관련 상품,소계,계,2104,1511,985,1083,,,,,,,,,,,,,
"기타","소계","소계",의류 및 패션 관련 상품,소계,면세점,116,289,24,15,,,,,,,,,,,,,
"기타","소계","소계",의류 및 패션 관련 상품,소계,면세점 이외,1988,1222,961,1068,,,,,,,,,,,,,
"기타","소계","소계",스포츠·레저용품,소계,계,182,84,68,174,,,,,,,,,,,,,
"기타","소계","소계",스포츠·레저용품,소계,면세점,0,0,0,0,,,,,,,,,,,,,
"기타","소계","소계",스포츠·레저용품,소계,면세점 이외,182,84,68,174,,,,,,,,,,,,,
"기타","소계","소계",화장품,소계,계,2418,3488,545,750,,,,,,,,,,,,,
"기타","소계","소계",화장품,소계,면세점,996,2793,67,41,,,,,,,,,,,,,
"기타","소계","소계",화장품,소계,면세점 이외,1422,695,478,709,,,,,,,,,,,,,
"기타","소계","소계",아동·유아용품,소계,계,1224,1050,505,504,,,,,,,,,,,,,
"기타","소계","소계",아동·유아용품,소계,면세점,0,1,0,0,,,,,,,,,,,,,
"기타","소계","소계",아동·유아용품,소계,면세점 이외,1224,1049,505,504,,,,,,,,,,,,,
"기타","소계","소계",음·식료품,소계,계,179,18,22,31,,,,,,,,,,,,,
"기타","소계","소계",음·식료품,소계,면세점,19,9,13,19,,,,,,,,,,,,,
"기타","소계","소계",음·식료품,소계,면세점 이외,160,9,9,12,,,,,,,,,,,,,
"기타","소계","소계",농축수산물,소계,계,10,0,0,0,,,,,,,,,,,,,
"기타","소계","소계",농축수산물,소계,면세점,0,0,0,0,,,,,,,,,,,,,
"기타","소계","소계",농축수산물,소계,면세점 이외,10,0,0,0,,,,,,,,,,,,,
"기타","소계","소계",생활·자동차용품,소계,계,276,180,89,65,,,,,,,,,,,,,
"기타","소계","소계",생활·자동차용품,소계,면세점,0,0,0,0,,,,,,,,,,,,,
"기타","소계","소계",생활·자동차용품,소계,면세점 이외,276,180,89,65,,,,,,,,,,,,,
"기타","소계","소계",기 타,소계,계,2341,837,312,236,,,,,,,,,,,,,
"기타","소계","소계",기 타,소계,면세점,0,0,0,0,,,,,,,,,,,,,
"기타","소계","소계",기 타,소계,면세점 이외,2341,837,312,236,,,,,,,,,,,,,
